UserId,NumberOfServices,Participants,BugetNeeded
1,3,100,10000
1,3,100,10000
1,3,100,10000
1,3,190,104500
1,2,392,176400
1,1,314,62800
1,1,346,34600
1,1,256,51200
1,3,208,104000
1,4,101,70700
1,1,285,42750
1,1,337,84250
1,2,219,76650
1,3,163,81500
1,2,251,62750
1,4,220,154000
1,4,145,101500
1,3,343,188650
1,2,119,41650
1,3,348,156600
1,2,393,157200
1,3,167,91850
1,4,363,254100
1,4,272,190400
1,1,292,73000
1,4,193,135100
1,1,176,44000
1,3,215,118250
1,4,257,179900
1,3,134,73700
1,3,219,131400
1,2,107,48150
1,3,173,95150
1,1,152,30400
1,2,327,147150
1,1,263,26300
1,4,319,223300
1,2,190,76000
1,3,339,152550
1,2,358,125300
1,4,170,119000
1,2,318,127200
1,1,280,56000
1,1,204,40800
1,3,181,90500
1,1,241,60250
1,1,340,34000
1,4,111,77700
1,1,117,17550
1,4,195,136500
1,4,345,241500
1,1,104,10400
1,2,280,98000
1,2,331,115850
1,4,160,112000
1,3,287,157850
1,1,193,48250
1,1,141,14100
1,2,313,78250
1,4,367,256900
1,3,185,83250
1,3,296,177600
1,3,180,81000
1,2,234,81900
1,1,127,31750
1,2,254,88900
1,3,195,117000
1,3,377,226200
1,4,373,261100
1,4,126,88200
1,2,191,85950
1,1,318,79500
1,4,368,257600
1,1,208,41600
1,1,259,64750
1,3,269,134500
1,3,230,138000
1,3,124,62000
1,2,352,105600
1,2,278,97300
1,4,316,221200
1,3,365,182500
1,3,107,48150
1,3,153,68850
1,4,141,98700
1,1,186,46500
1,1,157,39250
1,1,387,38700
1,2,341,119350
1,2,148,51800
1,2,344,137600
1,2,240,72000
1,4,360,252000
1,3,271,162600
1,4,175,122500
1,3,155,93000
1,2,164,41000
1,4,358,250600
1,2,128,44800
1,1,362,90500
1,1,246,49200
1,1,258,64500
1,1,163,24450
1,2,391,136850
1,2,275,96250
1,1,330,49500
1,1,320,80000
1,3,198,89100
1,1,118,23600
1,1,280,28000
1,2,237,82950
1,4,388,271600
1,1,228,34200
1,4,350,245000
1,1,250,37500
1,4,297,207900
1,1,361,54150
1,1,383,76600
1,2,201,70350
1,1,277,55400
1,2,382,152800
1,1,309,77250
1,4,187,130900
1,1,225,56250
1,4,231,161700
1,2,281,98350
1,3,350,157500
1,3,216,97200
1,3,340,170000
1,1,305,61000
1,4,240,168000
1,3,182,100100
1,1,273,54600
1,1,350,70000
1,1,398,59700
1,2,357,160650
1,2,398,99500
1,4,126,88200
1,2,339,84750
1,4,240,168000
1,2,291,87300
1,3,338,152100
1,2,309,108150
1,2,116,40600
1,2,195,58500
1,1,361,36100
1,2,302,105700
1,3,391,234600
1,3,230,103500
1,2,100,30000
1,2,306,122400
1,3,394,236400
1,4,372,260400
1,1,148,14800
1,4,355,248500
1,1,202,50500
1,4,363,254100
1,2,192,67200
1,2,237,106650
1,2,389,136150
1,4,314,219800
1,3,321,192600
1,2,280,84000
1,3,114,68400
1,2,130,45500
1,2,282,70500
1,1,214,32100
1,2,137,34250
1,3,251,138050
1,1,136,20400
1,3,289,158950
1,3,246,110700
1,3,136,68000
1,2,199,59700
1,3,377,207350
1,3,234,128700
1,4,324,226800
1,4,356,249200
1,2,225,78750
1,2,247,86450
1,3,108,54000
1,1,272,54400
1,3,373,186500
1,3,245,122500
1,1,293,73250
1,4,270,189000
1,3,298,149000
1,4,231,161700
1,2,382,133700
1,2,153,68850
1,4,116,81200
1,4,116,81200
1,1,109,10900
1,2,158,63200
1,4,130,91000
1,2,308,107800
1,2,363,163350
1,1,107,21400
1,3,138,62100
1,3,148,88800
1,1,225,22500
1,2,346,155700
1,3,129,58050
1,1,304,30400
1,1,378,75600
1,3,277,138500
1,4,279,195300
1,4,195,136500
1,3,223,122650
1,3,197,108350
1,4,135,94500
1,3,165,74250
1,2,319,127600
1,3,274,164400
1,4,223,156100
1,3,246,147600
1,3,390,234000
1,2,249,99600
1,4,168,117600
1,3,105,63000
1,4,159,111300
1,4,207,144900
1,1,376,37600
1,4,343,240100
1,1,224,44800
1,1,311,46650
1,3,234,140400
1,1,114,17100
1,1,150,37500
1,2,160,56000
1,2,204,51000
1,3,281,168600
1,2,394,137900
1,2,324,113400
1,4,156,109200
1,3,251,125500
1,2,242,108900
1,3,115,57500
1,1,381,57150
1,2,324,129600
1,2,206,82400
1,4,293,205100
1,1,311,77750
1,1,211,42200
1,1,118,17700
1,2,333,116550
1,2,294,132300
1,2,326,114100
1,1,263,39450
1,1,312,62400
1,4,297,207900
1,2,154,61600
1,1,367,55050
1,1,169,25350
1,1,279,55800
1,4,302,211400
1,2,121,36300
1,2,295,103250
1,2,353,141200
1,3,286,171600
1,1,298,29800
1,1,229,45800
1,4,360,252000
1,2,347,138800
1,3,301,135450
1,3,330,181500
1,2,195,58500
1,3,243,133650
1,2,335,134000
1,3,350,157500
1,3,294,161700
1,3,236,141600
1,3,173,103800
1,2,187,84150
1,3,302,166100
1,1,178,26700
1,1,264,26400
1,2,248,111600
1,2,114,39900
1,2,126,44100
1,3,123,73800
1,2,305,76250
1,1,352,88000
1,4,181,126700
1,3,288,172800
1,2,172,77400
1,2,245,61250
1,4,324,226800
1,1,245,24500
1,3,166,83000
1,1,254,38100
1,1,185,46250
1,4,156,109200
1,4,138,96600
1,2,113,39550
1,4,341,238700
1,2,166,66400
1,4,377,263900
1,3,365,200750
1,2,184,55200
1,1,213,21300
1,4,393,275100
1,2,255,63750
1,2,320,96000
1,2,227,79450
1,4,324,226800
1,4,324,226800
1,4,311,217700
1,3,140,84000
1,1,255,51000
1,2,324,145800
1,4,266,186200
1,1,239,23900
1,4,368,257600
1,4,214,149800
1,3,164,90200
1,4,132,92400
1,1,288,43200
1,1,264,52800
1,1,278,69500
1,2,154,61600
1,4,381,266700
1,4,362,253400
1,2,299,104650
1,4,298,208600
1,3,396,237600
1,4,240,168000
1,1,214,42800
1,3,260,143000
1,1,269,26900
1,3,159,79500
1,2,118,53100
1,1,355,53250
1,4,352,246400
1,4,120,84000
1,2,119,41650
1,2,368,165600
1,3,175,78750
1,1,316,47400
1,3,104,62400
1,3,149,81950
1,3,293,175800
1,2,316,94800
1,1,241,24100
1,1,150,30000
1,4,306,214200
1,1,300,75000
1,1,311,77750
1,2,333,116550
1,2,173,60550
1,2,162,64800
1,3,164,73800
1,1,162,40500
1,4,106,74200
1,3,249,136950
1,4,160,112000
1,1,111,11100
1,4,215,150500
1,2,329,131600
1,3,244,122000
1,4,102,71400
1,4,346,242200
1,3,151,90600
1,1,171,34200
1,4,198,138600
1,2,187,56100
1,2,243,60750
1,3,368,165600
1,1,240,24000
1,3,384,211200
1,1,386,57900
1,2,171,68400
1,1,146,14600
1,1,230,57500
1,3,278,152900
1,3,312,187200
1,2,187,46750
1,2,231,57750
1,2,137,54800
1,3,189,113400
1,4,257,179900
1,2,302,75500
1,1,211,52750
1,4,322,225400
1,4,244,170800
1,2,235,58750
1,4,137,95900
1,4,134,93800
1,1,356,89000
1,3,325,146250
1,1,203,30450
1,1,363,36300
1,1,387,38700
1,1,208,31200
1,4,264,184800
1,4,357,249900
1,4,131,91700
1,2,336,151200
1,4,259,181300
1,4,262,183400
1,4,283,198100
1,3,248,148800
1,2,256,89600
1,1,122,24400
1,3,175,96250
1,4,212,148400
1,3,302,166100
1,2,243,85050
1,4,132,92400
1,2,394,118200
1,2,273,109200
1,3,133,73150
1,2,310,108500
1,1,344,68800
1,4,164,114800
1,2,161,56350
1,2,354,123900
1,2,146,65700
1,4,271,189700
1,1,292,58400
1,4,377,263900
1,1,165,41250
1,2,295,132750
1,4,325,227500
1,2,179,62650
1,1,216,54000
1,3,140,77000
1,1,124,31000
1,3,181,99550
1,3,106,53000
1,3,223,122650
1,3,232,104400
1,4,256,179200
1,2,218,65400
1,1,283,56600
1,2,330,99000
1,2,357,142800
1,2,263,105200
1,1,138,20700
1,3,258,129000
1,1,112,16800
1,2,195,58500
1,4,253,177100
1,3,116,52200
1,2,118,41300
1,4,325,227500
1,3,328,180400
1,3,295,177000
1,4,195,136500
1,4,382,267400
1,1,374,56100
1,3,374,168300
1,2,129,45150
1,1,321,48150
1,2,249,112050
1,1,132,26400
1,2,302,120800
1,1,156,15600
1,3,375,187500
1,4,215,150500
1,3,160,72000
1,3,226,135600
1,2,181,72400
1,4,338,236600
1,4,327,228900
1,4,115,80500
1,4,215,150500
1,4,184,128800
1,2,290,72500
1,2,371,166950
1,4,335,234500
1,2,203,71050
1,4,243,170100
1,2,393,98250
1,3,217,108500
1,3,187,112200
1,1,249,24900
1,4,245,171500
1,3,120,66000
1,1,298,74500
1,4,202,141400
1,1,261,39150
1,2,341,119350
1,3,200,90000
1,4,330,231000
1,2,349,87250
1,3,235,141000
1,3,159,79500
1,2,247,98800
1,2,339,118650
1,4,166,116200
1,1,330,33000
1,1,184,18400
1,2,334,100200
1,2,189,75600
1,2,336,84000
1,2,225,78750
1,1,398,39800
1,3,395,197500
1,1,391,97750
1,3,319,159500
1,2,209,83600
1,4,346,242200
1,1,329,65800
1,2,298,104300
1,3,143,71500
1,4,311,217700
1,2,236,82600
1,4,255,178500
1,4,227,158900
1,4,384,268800
1,1,186,37200
1,3,281,140500
1,4,119,83300
1,2,294,102900
1,3,310,155000
1,3,304,182400
1,1,375,93750
1,4,215,150500
1,4,148,103600
1,2,319,127600
1,2,161,72450
1,4,133,93100
1,3,340,153000
1,4,119,83300
1,4,352,246400
1,2,239,59750
1,2,248,62000
1,1,241,60250
1,3,367,220200
1,1,313,78250
1,1,399,39900
1,2,150,45000
1,1,252,37800
1,1,361,72200
1,1,290,58000
1,4,397,277900
1,4,365,255500
1,2,132,46200
1,4,117,81900
1,1,350,35000
1,4,366,256200
1,3,321,144450
1,4,392,274400
1,3,125,62500
1,2,180,63000
1,3,137,68500
1,4,139,97300
1,2,231,80850
1,2,231,92400
1,3,126,63000
1,4,374,261800
1,3,303,151500
1,1,103,10300
1,2,294,102900
1,2,125,50000
1,4,266,186200
1,4,250,175000
1,2,101,35350
1,4,347,242900
1,1,375,75000
1,4,107,74900
1,1,158,39500
1,4,123,86100
1,2,151,60400
1,4,325,227500
1,2,180,45000
1,3,180,99000
1,4,359,251300
1,3,258,141900
1,4,139,97300
1,2,280,98000
1,4,254,177800
1,4,183,128100
1,4,351,245700
1,4,118,82600
1,1,186,37200
1,2,305,137250
1,4,317,221900
1,2,108,37800
1,1,347,86750
1,1,301,45150
1,2,109,43600
1,3,372,167400
1,1,318,79500
1,3,304,167200
1,4,128,89600
1,1,204,20400
1,1,182,45500
1,2,175,61250
1,2,280,98000
1,1,142,35500
1,1,308,30800
1,4,374,261800
1,3,273,122850
1,1,140,35000
1,2,343,154350
1,3,380,190000
1,3,198,108900
1,3,248,136400
1,4,385,269500
1,4,217,151900
1,4,361,252700
1,4,123,86100
1,4,330,231000
1,4,322,225400
1,4,235,164500
1,1,337,67400
1,2,118,41300
1,2,271,81300
1,3,219,109500
1,3,107,58850
1,3,391,175950
1,4,202,141400
1,4,162,113400
1,4,247,172900
1,3,193,86850
1,2,391,117300
1,1,380,95000
1,3,204,112200
1,3,377,226200
1,3,180,81000
1,2,119,29750
1,1,352,52800
1,2,268,93800
1,3,284,170400
1,2,279,111600
1,2,309,92700
1,1,352,35200
1,3,261,143550
1,1,349,69800
1,4,367,256900
1,4,119,83300
1,4,252,176400
1,2,273,109200
1,4,258,180600
1,1,167,16700
1,3,157,94200
1,3,255,127500
1,1,200,40000
1,4,310,217000
1,1,335,67000
1,3,189,85050
1,1,329,49350
1,3,361,180500
1,3,344,206400
1,1,166,33200
1,4,144,100800
1,2,211,73850
1,1,278,41700
1,4,135,94500
1,4,247,172900
1,2,236,82600
1,1,303,60600
1,2,228,102600
1,3,127,63500
1,4,201,140700
1,3,195,107250
1,2,148,66600
1,4,355,248500
1,4,174,121800
1,4,228,159600
1,3,313,156500
1,2,219,54750
1,4,192,134400
1,4,237,165900
1,3,342,188100
1,1,399,79800
1,2,165,66000
1,2,198,89100
1,1,178,35600
1,1,166,16600
1,1,281,70250
1,1,287,71750
1,2,297,74250
1,1,370,92500
1,4,315,220500
1,1,164,32800
1,1,143,14300
1,4,162,113400
1,3,378,170100
1,4,138,96600
1,2,202,80800
1,4,395,276500
1,1,208,52000
1,1,323,32300
1,1,264,52800
1,4,393,275100
1,2,353,123550
1,2,399,119700
1,2,349,104700
1,2,223,55750
1,1,391,58650
1,3,238,107100
1,4,362,253400
1,1,127,12700
1,3,220,99000
1,4,124,86800
1,1,284,71000
1,4,167,116900
1,4,171,119700
1,4,156,109200
1,3,151,83050
1,3,153,76500
1,4,189,132300
1,4,303,212100
1,2,393,137550
1,3,192,115200
1,1,260,26000
1,2,162,56700
1,3,289,144500
1,1,253,25300
1,2,231,92400
1,1,120,30000
1,4,286,200200
1,3,306,153000
1,3,299,164450
1,3,302,151000
1,4,234,163800
1,1,114,17100
1,2,267,106800
1,1,163,40750
1,1,165,16500
1,3,391,215050
1,3,397,198500
1,4,320,224000
1,3,291,130950
1,2,180,81000
1,4,212,148400
1,2,315,110250
1,3,142,78100
1,3,173,95150
1,2,341,136400
1,2,107,37450
1,1,158,39500
1,1,333,49950
1,4,369,258300
1,4,314,219800
1,3,182,100100
1,3,339,152550
1,4,148,103600
1,4,276,193200
1,4,125,87500
1,4,170,119000
1,4,389,272300
1,4,226,158200
1,3,301,180600
1,3,232,127600
1,3,133,66500
1,4,232,162400
1,3,221,99450
1,2,204,91800
1,4,188,131600
1,1,335,33500
1,3,275,165000
1,3,308,138600
1,2,214,85600
1,4,183,128100
1,1,254,25400
1,2,115,40250
1,3,208,114400
1,1,194,38800
1,1,274,27400
1,2,115,28750
1,3,177,88500
1,1,251,50200
1,3,123,73800
1,3,234,117000
1,4,254,177800
1,2,360,108000
1,4,110,77000
1,2,109,43600
1,1,248,37200
1,2,252,75600
1,3,273,163800
1,2,232,58000
1,4,119,83300
1,2,383,172350
1,1,213,42600
1,3,151,75500
1,4,208,145600
1,3,363,217800
1,4,298,208600
1,2,270,94500
1,3,347,156150
1,2,307,138150
1,4,243,170100
1,1,387,58050
1,4,211,147700
1,2,170,51000
1,3,169,101400
1,4,122,85400
1,1,102,10200
1,2,157,70650
1,3,185,111000
1,4,237,165900
1,1,242,60500
1,2,250,75000
1,3,292,175200
1,2,299,119600
1,1,195,29250
1,2,233,93200
1,2,308,107800
1,2,332,149400
1,2,183,73200
1,2,190,66500
1,1,312,31200
1,1,241,60250
1,4,318,222600
1,1,383,76600
1,2,284,85200
1,1,346,34600
1,2,230,80500
1,1,307,46050
1,2,220,99000
1,4,173,121100
1,4,384,268800
1,4,322,225400
1,2,225,101250
1,2,303,121200
1,2,290,101500
1,4,223,156100
1,2,376,131600
1,3,196,88200
1,3,175,87500
1,3,230,115000
1,1,397,39700
1,2,331,115850
1,4,232,162400
1,2,179,80550
1,4,180,126000
1,1,220,33000
1,3,322,161000
1,3,281,140500
1,4,143,100100
1,2,359,125650
1,2,110,49500
1,4,116,81200
1,1,177,26550
1,1,390,97500
1,2,153,53550
1,1,302,75500
1,2,147,36750
1,1,350,52500
1,1,273,68250
1,2,140,49000
1,4,136,95200
1,4,165,115500
1,3,192,115200
1,1,170,42500
1,1,270,67500
1,4,386,270200
1,3,199,119400
1,1,301,45150
1,2,184,55200
1,1,320,48000
1,1,317,31700
1,4,383,268100
1,4,275,192500
1,3,395,237000
1,1,269,53800
1,4,132,92400
1,4,328,229600
1,1,275,68750
1,1,189,47250
1,4,383,268100
1,2,233,58250
1,4,279,195300
1,4,372,260400
1,2,256,64000
1,1,143,21450
1,1,152,30400
1,3,273,163800
1,3,159,95400
1,4,130,91000
1,4,306,214200
1,1,375,56250
1,1,374,74800
1,4,301,210700
1,1,272,40800
1,2,231,69300
1,1,100,15000
1,2,272,108800
1,1,280,70000
1,1,183,27450
1,1,130,19500
1,4,251,175700
1,2,192,57600
1,4,239,167300
1,3,170,102000
1,2,304,91200
1,2,152,45600
1,3,181,108600
1,2,388,97000
1,4,297,207900
1,3,353,194150
1,2,325,81250
1,3,294,132300
1,4,152,106400
1,3,344,154800
1,2,278,69500
1,1,146,36500
1,1,178,26700
1,2,227,68100
1,1,101,10100
1,3,308,138600
1,2,380,152000
1,3,112,56000
1,1,166,41500
1,4,118,82600
1,1,318,63600
1,4,359,251300
1,3,241,132550
1,1,293,29300
1,1,308,77000
1,1,205,20500
1,4,202,141400
1,2,103,36050
1,2,198,69300
1,1,281,28100
1,4,389,272300
1,1,107,16050
1,1,175,43750
1,4,323,226100
1,4,300,210000
1,2,303,106050
1,4,147,102900
1,2,372,130200
1,1,117,11700
1,4,198,138600
1,4,392,274400
1,2,131,58950
1,4,252,176400
1,2,110,33000
1,4,256,179200
1,3,311,171050
1,3,137,82200
1,1,390,97500
1,3,196,88200
1,3,219,120450
1,2,207,51750
1,1,361,90250
1,3,354,159300
1,1,315,47250
1,3,126,56700
1,1,378,75600
1,2,132,39600
1,3,285,128250
1,3,230,138000
1,4,269,188300
1,1,363,54450
1,3,333,166500
1,4,279,195300
1,3,367,201850
1,4,247,172900
1,2,243,97200
1,1,299,59800
1,3,124,62000
1,2,317,79250
1,3,294,176400
1,4,331,231700
1,3,254,114300
1,3,197,88650
1,2,341,102300
1,4,203,142100
1,3,240,120000
1,1,329,82250
1,1,188,37600
1,1,345,69000
1,4,141,98700
1,4,230,161000
1,4,139,97300
1,2,319,111650
1,3,306,153000
1,4,162,113400
1,3,319,191400
1,2,240,84000
1,4,216,151200
1,2,188,47000
1,4,387,270900
1,3,126,56700
1,4,334,233800
1,2,232,58000
1,3,102,56100
1,2,103,41200
1,2,345,86250
1,4,355,248500
1,4,265,185500
1,4,322,225400
1,4,326,228200
1,2,399,139650
1,4,268,187600
1,3,202,121200
1,2,325,146250
1,2,307,138150
1,2,326,146700
1,4,116,81200
1,3,198,108900
1,3,102,56100
1,4,320,224000
1,4,277,193900
1,2,118,47200
1,4,272,190400
1,4,109,76300
1,1,383,95750
1,4,137,95900
1,1,372,74400
1,1,186,37200
1,1,397,99250
1,1,203,30450
1,4,174,121800
1,3,318,159000
1,4,387,270900
1,4,230,161000
1,3,309,139050
1,1,181,18100
1,2,388,135800
1,3,307,184200
1,4,222,155400
1,1,197,29550
1,1,229,22900
1,1,260,39000
1,3,269,121050
1,3,357,178500
1,4,177,123900
1,4,170,119000
1,1,305,61000
1,1,307,61400
1,1,389,58350
1,4,180,126000
1,3,174,95700
1,4,320,224000
1,3,363,181500
1,4,365,255500
1,4,122,85400
1,4,137,95900
1,2,100,40000
1,2,137,47950
1,4,279,195300
1,3,246,147600
1,2,340,119000
1,4,200,140000
1,1,368,92000
1,3,142,63900
1,1,184,18400
1,3,302,135900
1,4,237,165900
1,2,372,130200
1,4,144,100800
1,2,388,135800
1,2,258,90300
1,4,289,202300
1,3,370,203500
1,1,356,89000
1,4,169,118300
1,3,288,158400
1,2,162,48600
1,1,118,17700
1,1,384,76800
1,3,238,107100
1,4,399,279300
1,4,292,204400
1,3,259,155400
1,1,321,80250
1,4,177,123900
1,2,222,66600
1,1,174,34800
1,2,214,74900
1,3,333,199800
1,4,254,177800
1,3,219,109500
1,1,356,35600
1,1,364,91000
1,1,391,39100
1,1,310,31000
1,4,153,107100
1,3,112,50400
1,4,366,256200
1,4,180,126000
1,1,325,81250
1,1,353,70600
1,1,166,41500
1,1,339,50850
1,4,118,82600
1,3,231,127050
1,1,360,54000
1,3,346,190300
1,3,223,111500
1,4,310,217000
1,4,304,212800
1,1,167,25050
1,4,269,188300
1,3,293,161150
1,1,385,57750
1,4,189,132300
1,2,129,38700
1,2,136,47600
1,3,262,157200
1,1,398,99500
1,1,323,64600
1,2,161,40250
1,3,122,54900
1,4,127,88900
1,4,123,86100
1,2,344,137600
1,3,238,107100
1,3,163,97800
1,3,306,137700
1,4,229,160300
1,4,239,167300
1,1,204,30600
1,4,250,175000
1,3,378,189000
1,4,160,112000
1,1,163,16300
1,2,155,46500
1,1,263,39450
1,1,170,25500
1,4,353,247100
1,4,296,207200
1,3,131,72050
1,1,322,64400
1,3,113,50850
1,3,340,170000
1,3,276,124200
1,2,222,99900
1,3,203,91350
1,4,265,185500
1,3,290,145000
1,1,132,33000
1,3,150,67500
1,1,293,29300
1,1,158,23700
1,2,134,60300
1,3,205,123000
1,1,101,25250
1,1,333,33300
1,4,350,245000
1,3,290,130500
1,4,149,104300
1,1,145,36250
1,1,299,29900
1,3,243,121500
1,4,334,233800
1,2,152,60800
1,3,137,61650
1,1,132,13200
1,3,107,48150
1,1,291,72750
1,3,136,74800
1,2,375,112500
1,2,170,68000
1,4,349,244300
1,1,308,46200
1,3,262,144100
1,2,369,129150
1,1,371,37100
1,2,301,120400
1,1,135,13500
1,3,224,112000
1,4,189,132300
1,3,244,146400
1,3,159,87450
1,3,225,135000
1,3,315,173250
1,1,295,73750
1,2,116,29000
1,2,172,43000
1,2,138,62100
1,3,289,158950
1,2,152,53200
1,1,108,27000
1,2,178,53400
1,3,380,190000
1,1,236,47200
1,2,338,135200
1,2,283,113200
1,3,200,110000
1,1,176,26400
1,4,231,161700
1,4,310,217000
1,4,137,95900
1,4,304,212800
1,1,114,11400
1,1,131,13100
1,1,352,35200
1,4,187,130900
1,1,269,67250
1,1,336,67200
1,1,262,65500
1,2,390,117000
1,3,242,108900
1,4,287,200900
1,1,312,31200
1,4,178,124600
1,1,336,33600
1,3,339,169500
1,1,313,62600
1,4,322,225400
1,1,135,27000
1,2,144,50400
1,4,105,73500
1,1,261,26100
1,2,198,49500
1,2,133,33250
1,1,389,97250
1,3,274,123300
1,3,195,87750
1,4,266,186200
1,3,301,135450
1,2,294,102900
1,2,206,72100
1,4,245,171500
1,3,242,133100
1,3,231,127050
1,3,114,62700
1,4,381,266700
1,1,129,25800
1,4,139,97300
1,3,207,93150
1,3,223,133800
1,2,240,72000
1,1,248,62000
1,2,181,63350
1,4,386,270200
1,2,241,96400
1,4,253,177100
1,1,324,32400
1,1,167,25050
1,2,382,95500
1,4,393,275100
1,2,117,35100
1,3,350,175000
1,1,310,62000
1,2,165,57750
1,2,206,82400
1,3,220,110000
1,3,340,153000
1,4,391,273700
1,4,178,124600
1,2,309,108150
1,3,104,62400
1,1,161,32200
1,4,161,112700
1,2,385,154000
1,2,222,66600
1,1,175,35000
1,3,337,202200
1,2,226,56500
1,1,207,31050
1,4,269,188300
1,3,214,107000
1,3,174,78300
1,2,125,50000
1,3,214,107000
1,3,252,151200
1,1,208,31200
1,3,196,98000
1,4,192,134400
1,4,387,270900
1,2,220,77000
1,1,281,56200
1,4,240,168000
1,3,197,98500
1,1,365,36500
1,4,203,142100
1,1,174,17400
1,3,287,129150
1,1,308,46200
1,3,168,75600
1,1,185,46250
1,3,385,173250
1,4,345,241500
1,2,266,106400
1,1,167,16700
1,2,120,36000
1,1,291,29100
1,1,312,62400
1,3,263,131500
1,2,357,89250
1,4,292,204400
1,3,365,182500
1,2,311,77750
1,2,317,142650
1,3,322,193200
1,3,105,63000
1,4,203,142100
1,4,322,225400
1,2,237,82950
1,4,289,202300
1,1,268,26800
1,1,110,27500
1,1,155,31000
1,2,303,75750
1,1,104,26000
1,4,390,273000
1,3,157,78500
1,4,326,228200
1,4,208,145600
1,2,310,124000
1,4,289,202300
1,3,268,147400
1,2,117,40950
1,1,287,28700
1,3,393,216150
1,2,236,70800
1,3,223,100350
1,3,235,117500
1,3,160,72000
1,4,252,176400
1,4,180,126000
1,3,303,166650
1,3,189,103950
1,2,285,99750
1,2,269,67250
1,4,260,182000
1,1,269,26900
1,3,142,71000
1,1,284,71000
1,1,399,79800
1,3,183,100650
1,3,202,90900
1,2,379,113700
1,4,374,261800
1,1,188,18800
1,3,171,76950
1,4,167,116900
1,2,154,38500
1,1,318,31800
1,2,277,69250
1,3,255,140250
1,1,291,58200
1,3,393,196500
1,1,137,13700
1,2,127,31750
1,3,217,108500
1,1,362,90500
1,1,227,22700
1,4,145,101500
1,2,115,40250
1,3,200,90000
1,1,353,52950
1,1,191,38200
1,3,358,214800
1,1,282,70500
1,1,371,37100
1,4,158,110600
1,4,376,263200
1,4,389,272300
1,1,193,38600
1,4,350,245000
1,2,376,131600
1,2,279,97650
1,2,248,86800
1,2,373,149200
1,2,388,155200
1,3,104,62400
1,3,397,218350
1,1,341,68200
1,3,381,171450
1,3,136,74800
1,4,185,129500
1,1,395,98750
1,2,294,73500
1,2,147,66150
1,1,229,45800
1,4,113,79100
1,4,159,111300
1,1,342,34200
1,1,332,83000
1,2,117,35100
1,3,267,133500
1,3,220,121000
1,2,373,93250
1,3,269,147950
1,1,136,20400
1,4,120,84000
1,3,126,75600
1,4,120,84000
1,2,123,43050
1,3,187,84150
1,3,382,191000
1,2,353,123550
1,1,331,33100
1,1,365,54750
1,4,394,275800
1,1,230,46000
1,4,146,102200
1,3,346,190300
1,4,305,213500
1,3,202,90900
1,4,392,274400
1,1,189,47250
1,2,246,86100
1,1,318,79500
1,2,104,36400
1,3,255,153000
1,2,337,117950
1,4,134,93800
1,1,150,15000
1,1,296,74000
1,4,349,244300
1,2,350,122500
1,4,202,141400
1,1,163,16300
1,3,290,174000
1,4,212,148400
1,2,159,71550
1,1,224,56000
1,4,330,231000
1,4,310,217000
1,3,166,74700
1,4,260,182000
1,2,216,97200
1,4,363,254100
1,3,223,133800
1,3,191,95500
1,1,209,41800
1,2,217,75950
1,1,103,20600
1,3,324,194400
1,4,359,251300
1,1,316,79000
1,2,358,161100
1,2,224,78400
1,2,100,25000
1,2,233,93200
1,3,275,165000
1,1,341,68200
1,2,126,37800
1,4,216,151200
1,2,213,53250
1,4,338,236600
1,3,246,123000
1,1,230,57500
1,3,100,50000
1,2,116,34800
1,4,332,232400
1,4,398,278600
1,1,120,30000
1,3,253,126500
1,2,212,63600
1,3,137,61650
1,4,323,226100
1,2,242,72600
1,2,188,65800
1,2,195,78000
1,4,339,237300
1,2,243,60750
1,4,173,121100
1,4,214,149800
1,2,123,49200
1,1,203,50750
1,3,225,135000
1,2,364,91000
1,3,328,147600
1,2,211,63300
1,2,203,50750
1,2,311,108850
1,3,224,112000
1,2,356,160200
1,3,330,181500
1,2,187,74800
1,1,368,92000
1,3,306,153000
1,1,217,43400
1,4,224,156800
1,4,372,260400
1,3,316,189600
1,4,189,132300
1,1,134,13400
1,1,374,93500
1,4,361,252700
1,3,184,110400
1,1,105,21000
1,1,220,33000
1,2,230,80500
1,4,315,220500
1,1,163,32600
1,2,275,110000
1,1,250,62500
1,3,291,174600
1,3,372,223200
1,1,345,51750
1,2,154,53900
1,4,285,199500
1,3,253,139150
1,2,375,168750
1,3,191,85950
1,3,314,141300
1,3,231,103950
1,3,144,79200
1,2,315,94500
1,2,100,40000
1,3,345,189750
1,1,219,32850
1,4,246,172200
1,4,353,247100
1,4,383,268100
1,4,347,242900
1,1,256,51200
1,3,101,55550
1,3,383,229800
1,2,231,80850
1,2,323,113050
1,3,148,66600
1,3,324,178200
1,4,173,121100
1,3,194,87300
1,2,151,67950
1,2,384,172800
1,4,359,251300
1,4,181,126700
1,4,184,128800
1,1,219,32850
1,1,242,48400
1,1,120,12000
1,4,259,181300
1,2,159,63600
1,2,240,84000
1,2,203,71050
1,1,391,39100
1,4,180,126000
1,1,356,71200
1,3,156,85800
1,3,289,130050
1,4,302,211400
1,1,154,38500
1,4,278,194600
1,2,223,66900
1,3,167,100200
1,2,123,55350
1,1,292,58400
1,4,111,77700
1,4,243,170100
1,1,122,24400
1,3,194,116400
1,4,348,243600
1,2,341,136400
1,2,158,55300
1,3,137,68500
1,4,134,93800
1,1,199,29850
1,1,301,45150
1,4,338,236600
1,3,153,76500
1,3,112,67200
1,4,152,106400
1,4,234,163800
1,3,351,175500
1,3,378,226800
1,3,170,93500
1,2,364,145600
1,2,237,71100
1,4,239,167300
1,3,350,192500
1,3,129,58050
1,4,308,215600
1,3,262,157200
1,3,361,180500
1,2,374,149600
1,2,263,92050
1,3,322,177100
1,3,305,137250
1,4,374,261800
1,2,262,91700
1,1,340,85000
1,3,267,146850
1,3,304,182400
1,2,156,54600
1,3,196,88200
1,3,220,110000
1,1,322,80500
1,1,246,36900
1,4,251,175700
1,4,113,79100
1,3,134,73700
1,3,295,177000
1,3,241,108450
1,4,267,186900
1,2,249,87150
1,3,229,137400
1,4,329,230300
1,4,229,160300
1,1,316,63200
1,4,160,112000
1,1,288,57600
1,4,184,128800
1,2,277,83100
1,2,387,135450
1,3,132,66000
1,2,180,45000
1,4,114,79800
1,4,374,261800
1,4,211,147700
1,3,208,114400
1,2,258,90300
1,3,327,196200
1,3,164,82000
1,1,288,57600
1,2,143,42900
1,4,158,110600
1,1,302,75500
1,3,209,104500
1,4,333,233100
1,3,250,125000
1,2,222,88800
1,4,146,102200
1,4,241,168700
1,1,148,29600
1,3,241,108450
1,3,355,213000
1,4,260,182000
1,1,312,62400
1,3,201,90450
1,2,260,104000
1,2,194,87300
1,1,262,65500
1,3,243,133650
1,4,371,259700
1,3,362,162900
1,3,219,98550
1,3,377,226200
1,3,125,68750
1,4,103,72100
1,2,204,61200
1,3,309,185400
1,1,108,21600
1,1,244,24400
1,3,193,86850
1,3,240,144000
1,2,356,106800
1,4,247,172900
1,1,378,37800
1,1,178,17800
1,4,323,226100
1,3,156,85800
1,2,256,89600
1,3,319,191400
1,2,149,44700
1,3,367,220200
1,4,187,130900
1,3,368,165600
1,2,284,99400
1,1,195,19500
1,1,371,92750
1,1,105,15750
1,2,221,55250
1,4,348,243600
1,4,289,202300
1,1,179,35800
1,4,143,100100
1,1,277,27700
1,4,293,205100
1,1,351,87750
1,3,108,48600
1,2,161,64400
1,2,212,84800
1,2,362,144800
1,1,227,56750
1,4,120,84000
1,3,130,78000
1,3,116,63800
1,2,235,105750
1,4,382,267400
1,4,201,140700
1,3,116,52200
1,2,134,53600
1,4,340,238000
1,2,398,139300
1,3,284,142000
1,4,261,182700
1,2,225,90000
1,4,196,137200
1,2,152,60800
1,1,153,38250
1,1,309,30900
1,2,177,70800
1,3,300,150000
1,3,214,128400
1,1,215,32250
1,2,102,45900
1,1,233,23300
1,3,253,113850
1,3,115,57500
1,1,355,88750
1,4,244,170800
1,2,396,99000
1,4,177,123900
1,1,108,16200
1,1,199,49750
1,2,295,103250
1,3,102,45900
1,2,202,50500
1,3,201,110550
1,2,358,107400
1,3,204,112200
1,4,276,193200
1,4,163,114100
1,4,268,187600
1,2,303,106050
1,4,296,207200
1,1,136,20400
1,3,305,152500
1,4,252,176400
1,2,395,158000
1,2,172,43000
1,1,249,37350
1,1,169,16900
1,2,282,84600
1,2,211,84400
1,3,139,83400
1,2,345,138000
1,3,122,67100
1,1,372,93000
1,1,145,36250
1,2,148,59200
1,4,187,130900
1,1,148,37000
1,2,206,72100
1,2,258,116100
1,4,216,151200
1,2,183,54900
1,1,271,40650
1,1,193,19300
1,3,111,55500
1,2,387,174150
1,1,333,83250
1,1,346,86500
1,1,195,48750
1,4,361,252700
1,3,323,161500
1,1,253,37950
1,1,320,32000
1,4,271,189700
1,2,271,108400
1,4,159,111300
1,3,235,105750
1,1,376,75200
1,4,163,114100
1,3,159,71550
1,1,102,20400
1,3,360,162000
1,3,289,173400
1,2,306,76500
1,4,164,114800
1,1,120,24000
1,4,325,227500
1,4,214,149800
1,2,390,97500
1,2,208,52000
1,4,349,244300
1,1,343,68600
1,1,360,36000
1,2,345,138000
1,3,125,68750
1,2,236,94400
1,2,116,52200
1,1,131,19650
1,3,394,216700
1,4,257,179900
1,3,133,59850
1,2,298,74500
1,3,179,98450
1,4,262,183400
1,1,325,81250
1,3,397,238200
1,2,261,78300
1,3,147,73500
1,1,220,55000
1,1,152,30400
1,3,236,129800
1,2,142,49700
1,4,196,137200
1,1,374,74800
1,1,243,60750
1,1,199,29850
1,2,322,96600
1,1,332,33200
1,2,215,64500
1,3,367,183500
1,2,227,68100
1,2,309,77250
1,1,298,74500
1,2,337,101100
1,4,275,192500
1,2,183,64050
1,4,278,194600
1,2,333,99900
1,1,183,27450
1,4,262,183400
1,4,384,268800
1,1,166,33200
1,1,286,57200
1,1,149,37250
1,4,292,204400
1,2,379,170550
1,4,274,191800
1,4,193,135100
1,4,349,244300
1,2,159,39750
1,1,324,81000
1,1,273,54600
1,1,104,10400
1,3,117,64350
1,4,182,127400
1,2,319,127600
1,1,274,27400
1,1,340,68000
1,1,396,79200
1,2,300,90000
1,3,182,91000
1,2,133,46550
1,2,363,163350
1,1,312,31200
1,1,307,76750
1,1,220,33000
1,4,118,82600
1,3,348,208800
1,4,270,189000
1,2,373,93250
1,2,275,123750
1,1,371,92750
1,3,356,195800
1,2,153,53550
1,3,365,200750
1,1,147,36750
1,4,174,121800
1,1,132,33000
1,2,193,77200
1,3,236,129800
1,3,194,116400
1,2,215,96750
1,1,180,45000
1,3,166,99600
1,3,117,64350
1,4,258,180600
1,4,132,92400
1,2,340,85000
1,4,129,90300
1,1,254,25400
1,1,350,70000
1,3,365,219000
1,4,273,191100
1,1,175,35000
1,3,274,150700
1,4,288,201600
1,2,183,64050
1,2,115,34500
1,1,350,70000
1,4,141,98700
1,1,330,49500
1,4,349,244300
1,4,142,99400
1,2,187,65450
1,1,340,68000
1,2,375,93750
1,4,122,85400
1,2,163,73350
1,2,140,49000
1,1,174,26100
1,4,133,93100
1,2,172,51600
1,4,389,272300
1,3,170,85000
1,1,184,27600
1,2,119,35700
1,1,173,17300
1,2,318,111300
1,2,109,43600
1,1,195,39000
1,4,343,240100
1,4,291,203700
1,2,332,132800
1,4,392,274400
1,2,277,96950
1,4,243,170100
1,3,162,81000
1,2,368,128800
1,1,358,71600
1,2,124,43400
1,2,189,56700
1,4,104,72800
1,1,395,59250
1,1,159,31800
1,4,279,195300
1,2,225,67500
1,2,105,36750
1,4,240,168000
1,1,154,30800
1,4,147,102900
1,2,345,86250
1,3,103,46350
1,1,179,26850
1,4,378,264600
1,3,114,62700
1,2,151,52850
1,2,239,107550
1,1,242,36300
1,2,254,101600
1,3,147,73500
1,4,103,72100
1,2,108,37800
1,3,105,47250
1,2,219,54750
1,1,355,35500
1,2,285,99750
1,4,149,104300
1,2,317,95100
1,1,181,36200
1,3,160,80000
1,4,309,216300
1,1,163,24450
1,3,309,154500
1,4,200,140000
1,4,342,239400
1,2,383,153200
1,2,112,50400
1,1,398,59700
1,1,397,79400
1,4,140,98000
1,2,259,103600
1,3,133,73150
1,1,116,23200
1,3,195,97500
1,2,141,35250
1,4,302,211400
1,4,377,263900
1,1,339,33900
1,3,307,184200
1,1,129,12900
1,4,252,176400
1,2,385,134750
1,3,343,188650
1,1,172,43000
1,1,197,39400
1,4,193,135100
1,4,233,163100
1,2,385,115500
1,3,132,66000
1,1,224,22400
1,3,314,141300
1,1,377,37700
1,4,260,182000
1,1,253,25300
1,2,213,53250
1,4,137,95900
1,3,297,178200
1,3,327,179850
1,4,326,228200
1,4,184,128800
1,3,109,54500
1,3,378,226800
1,3,388,232800
1,2,248,86800
1,3,353,211800
1,2,237,82950
1,4,128,89600
1,4,214,149800
1,1,363,90750
1,1,168,42000
1,4,113,79100
1,3,166,91300
1,3,238,142800
1,2,314,125600
1,2,137,54800
1,1,369,36900
1,2,357,160650
1,3,245,147000
1,3,178,80100
1,4,292,204400
1,3,192,96000
1,1,395,98750
1,3,125,68750
1,1,236,35400
1,1,285,42750
1,1,139,27800
1,2,187,84150
1,1,105,10500
1,1,334,66800
1,3,226,135600
1,1,358,71600
1,2,257,77100
1,2,234,105300
1,4,101,70700
1,3,302,135900
1,4,222,155400
1,3,174,87000
1,1,153,15300
1,3,176,79200
1,1,159,23850
1,4,343,240100
1,3,365,219000
1,3,109,65400
1,3,310,186000
1,3,203,101500
1,4,386,270200
1,1,173,34600
1,2,169,42250
1,2,117,46800
1,2,214,96300
1,1,307,76750
1,1,145,21750
1,3,122,54900
1,2,246,61500
1,3,353,158850
1,3,254,114300
1,1,108,10800
1,4,295,206500
1,1,396,39600
1,2,173,43250
1,2,238,95200
1,4,125,87500
1,1,326,65200
1,1,117,23400
1,1,199,29850
1,1,206,51500
1,2,141,42300
1,3,286,143000
1,1,273,68250
1,2,186,65100
1,1,223,44600
1,4,321,224700
1,4,190,133000
1,2,215,75250
1,4,386,270200
1,1,256,64000
1,3,265,132500
1,3,135,81000
1,3,112,67200
1,3,284,142000
1,3,118,53100
1,1,156,39000
1,2,138,48300
1,3,279,139500
1,4,386,270200
1,1,346,86500
1,1,180,18000
1,3,395,177750
1,2,331,115850
1,1,136,27200
1,1,281,70250
1,2,373,93250
1,4,360,252000
1,3,328,147600
1,2,288,115200
1,1,339,67800
1,4,345,241500
1,2,185,46250
1,4,260,182000
1,4,254,177800
1,3,288,172800
1,2,166,41500
1,3,288,172800
1,3,116,63800
1,3,155,69750
1,2,220,77000
1,2,352,105600
1,4,230,161000
1,4,391,273700
1,4,122,85400
1,3,330,165000
1,4,203,142100
1,4,341,238700
1,2,298,134100
1,1,327,81750
1,2,319,79750
1,1,299,59800
1,3,132,59400
1,2,385,173250
1,2,316,94800
1,2,291,116400
1,4,235,164500
1,3,214,128400
1,4,283,198100
1,4,197,137900
1,1,217,21700
1,1,363,90750
1,4,387,270900
1,1,333,33300
1,3,164,98400
1,3,265,132500
1,2,379,132650
1,4,168,117600
1,4,321,224700
1,1,183,18300
1,2,177,44250
1,1,369,73800
1,3,235,129250
1,2,188,75200
1,3,144,79200
1,1,243,60750
1,2,241,60250
1,3,166,74700
1,1,140,21000
1,1,366,73200
1,1,205,30750
1,4,106,74200
1,2,215,53750
1,2,339,84750
1,4,199,139300
1,4,100,70000
1,4,197,137900
1,4,158,110600
1,4,177,123900
1,1,385,96250
1,1,190,28500
1,1,282,42300
1,3,105,52500
1,1,159,39750
1,1,301,30100
1,4,108,75600
1,1,172,25800
1,4,281,196700
1,3,188,112800
1,3,168,84000
1,2,393,176850
1,1,362,90500
1,3,331,148950
1,2,147,66150
1,3,367,201850
1,3,211,126600
1,1,125,18750
1,4,132,92400
1,4,375,262500
1,2,171,42750
1,3,163,73350
1,2,122,30500
1,1,131,13100
1,3,340,204000
1,4,151,105700
1,3,177,106200
1,4,346,242200
1,2,216,75600
1,3,279,125550
1,4,257,179900
1,2,296,74000
1,4,124,86800
1,2,208,72800
1,4,346,242200
1,1,274,68500
1,2,221,88400
1,4,364,254800
1,1,381,57150
1,1,286,28600
1,4,314,219800
1,3,232,104400
1,2,309,77250
1,3,183,109800
1,1,240,24000
1,1,155,38750
1,1,367,36700
1,4,364,254800
1,4,125,87500
1,3,237,130350
1,3,317,142650
1,1,154,30800
1,4,333,233100
1,3,195,107250
1,4,110,77000
1,2,361,144400
1,2,188,56400
1,4,176,123200
1,4,135,94500
1,4,109,76300
1,2,335,83750
1,1,236,23600
1,3,162,97200
1,4,110,77000
1,1,153,15300
1,4,324,226800
1,2,396,99000
1,1,337,50550
1,2,316,126400
1,4,250,175000
1,2,225,101250
1,3,101,45450
1,3,172,103200
1,3,176,105600
1,3,101,50500
1,3,347,190850
1,4,199,139300
1,3,180,108000
1,3,151,90600
1,4,304,212800
1,3,159,71550
1,3,245,110250
1,2,327,130800
1,1,228,57000
1,1,128,32000
1,4,286,200200
1,3,119,53550
1,2,213,74550
1,3,338,202800
1,1,299,44850
1,2,168,67200
1,4,233,163100
1,4,359,251300
1,1,158,15800
1,2,285,85500
1,2,311,108850
1,1,297,44550
1,4,235,164500
1,1,156,39000
1,2,370,92500
1,3,394,236400
1,2,236,94400
1,3,116,58000
1,4,129,90300
1,3,350,175000
1,2,233,69900
1,1,103,15450
1,1,173,17300
1,3,223,133800
1,2,134,53600
1,2,105,47250
1,3,306,168300
1,3,266,146300
1,1,185,27750
1,1,342,68400
1,4,182,127400
1,4,280,196000
1,3,252,126000
1,1,112,11200
1,3,359,197450
1,1,189,28350
1,3,141,77550
1,3,126,69300
1,3,329,164500
1,4,277,193900
1,2,239,71700
1,4,335,234500
1,2,389,97250
1,2,330,82500
1,4,353,247100
1,3,106,58300
1,3,357,160650
1,2,229,80150
1,2,219,98550
1,2,151,52850
1,4,307,214900
1,4,199,139300
1,4,169,118300
1,2,322,112700
1,2,369,110700
1,1,254,25400
1,1,349,52350
1,3,309,154500
1,2,364,127400
1,4,327,228900
1,3,212,127200
1,3,200,100000
1,4,280,196000
1,2,305,76250
1,3,329,180950
1,3,384,172800
1,1,344,68800
1,3,338,185900
1,1,394,98500
1,2,247,98800
1,2,131,58950
1,4,233,163100
1,3,192,96000
1,4,129,90300
1,4,217,151900
1,2,119,29750
1,3,226,101700
1,3,126,56700
1,2,252,100800
1,2,180,63000
1,2,183,54900
1,4,330,231000
1,4,283,198100
1,4,340,238000
1,1,253,25300
1,4,145,101500
1,1,339,33900
1,2,209,73150
1,1,113,16950
1,1,354,88500
1,1,106,21200
1,2,369,92250
1,2,228,68400
1,3,342,205200
1,3,162,72900
1,2,229,103050
1,1,194,48500
1,1,263,26300
1,2,386,115800
1,2,150,37500
1,4,143,100100
1,2,208,72800
1,2,135,33750
1,2,231,80850
1,4,321,224700
1,2,296,74000
1,1,351,70200
1,4,130,91000
1,4,252,176400
1,3,377,169650
1,1,354,53100
1,1,271,40650
1,1,188,28200
1,4,278,194600
1,1,218,32700
1,3,242,145200
1,4,304,212800
1,1,220,44000
1,4,377,263900
1,1,207,41400
1,1,239,47800
1,4,210,147000
1,2,218,65400
1,3,123,55350
1,2,288,100800
1,2,166,74700
1,4,229,160300
1,3,336,184800
1,1,313,62600
1,3,226,124300
1,2,324,113400
1,2,149,37250
1,4,323,226100
1,1,302,75500
1,1,287,43050
1,1,297,59400
1,3,362,181000
1,1,210,31500
1,4,235,164500
1,4,233,163100
1,1,202,40400
1,3,389,194500
1,2,171,76950
1,1,115,17250
1,3,246,135300
1,2,242,108900
1,1,228,34200
1,1,370,37000
1,2,248,62000
1,4,396,277200
1,2,239,83650
1,3,174,104400
1,2,296,118400
1,1,276,27600
1,1,311,62200
1,3,353,211800
1,3,263,118350
1,3,257,141350
1,2,148,51800
1,3,247,111150
1,3,208,114400
1,1,387,58050
1,4,124,86800
1,4,161,112700
1,2,276,82800
1,3,116,63800
1,4,357,249900
1,3,318,174900
1,3,138,62100
1,1,318,47700
1,3,249,136950
1,3,142,78100
1,2,269,107600
1,4,179,125300
1,4,185,129500
1,1,344,86000
1,1,160,40000
1,3,389,213950
1,3,159,79500
1,3,128,70400
1,4,243,170100
1,3,306,153000
1,2,238,107100
1,3,130,58500
1,2,264,79200
1,2,364,163800
1,4,285,199500
1,3,277,152350
1,1,338,84500
1,3,359,197450
1,3,324,194400
1,2,357,89250
1,2,396,118800
1,1,131,19650
1,3,354,194700
1,1,208,52000
1,1,306,30600
1,3,312,171600
1,4,258,180600
1,3,383,172350
1,3,199,89550
1,4,169,118300
1,2,384,134400
1,1,152,22800
1,4,137,95900
1,3,372,204600
1,2,183,82350
1,1,109,27250
1,4,266,186200
1,4,186,130200
1,3,228,114000
1,4,372,260400
1,3,204,91800
1,1,120,12000
1,2,194,87300
1,1,310,46500
1,1,173,43250
1,4,284,198800
1,4,205,143500
1,1,366,54900
1,3,151,83050
1,3,332,199200
1,1,189,28350
1,2,219,87600
1,1,181,45250
1,1,353,88250
1,4,125,87500
1,3,372,167400
1,1,304,76000
1,2,396,118800
1,1,394,39400
1,4,388,271600
1,1,174,26100
1,3,145,65250
1,4,243,170100
1,3,144,79200
1,2,373,167850
1,1,396,59400
1,3,335,201000
1,1,144,28800
1,1,329,32900
1,1,192,28800
1,3,334,200400
1,2,239,107550
1,1,187,37400
1,3,248,111600
1,4,371,259700
1,1,149,22350
1,3,214,128400
1,1,379,75800
1,2,351,105300
1,1,124,24800
1,3,238,130900
1,3,365,200750
1,4,392,274400
1,1,322,64400
1,2,387,96750
1,3,327,163500
1,4,249,174300
1,3,179,80550
1,2,341,153450
1,4,283,198100
1,2,361,144400
1,3,227,124850
1,4,113,79100
1,3,285,171000
1,3,117,64350
1,2,127,50800
1,4,367,256900
1,2,231,57750
1,3,329,164500
1,2,348,156600
1,3,319,159500
1,3,293,146500
1,1,278,55600
1,4,152,106400
1,1,233,58250
1,4,148,103600
1,4,212,148400
1,3,228,125400
1,2,123,36900
1,2,373,130550
1,4,251,175700
1,4,390,273000
1,2,243,85050
1,1,373,37300
1,4,184,128800
1,3,181,81450
1,3,148,74000
1,1,369,55350
1,1,153,22950
1,4,345,241500
1,4,170,119000
1,1,331,49650
1,2,258,64500
1,2,240,84000
1,1,354,88500
1,4,270,189000
1,2,217,97650
1,1,337,33700
1,1,286,42900
1,4,308,215600
1,4,114,79800
1,2,259,90650
1,3,392,176400
1,2,174,69600
1,3,128,76800
1,2,220,77000
1,2,204,81600
1,3,380,190000
1,1,175,35000
1,3,348,156600
1,4,286,200200
1,4,361,252700
1,4,328,229600
1,3,390,234000
1,1,299,59800
1,4,376,263200
1,1,229,22900
1,1,151,15100
1,4,289,202300
1,1,139,27800
1,3,173,103800
1,4,197,137900
1,4,384,268800
1,2,113,45200
1,4,232,162400
1,1,279,41850
1,3,136,68000
1,2,374,130900
1,3,261,143550
1,4,213,149100
1,4,254,177800
1,3,310,139500
1,3,355,159750
1,4,374,261800
1,4,186,130200
1,1,380,95000
1,3,362,199100
1,1,308,46200
1,1,138,27600
1,3,317,174350
1,1,393,58950
1,2,242,84700
1,1,178,26700
1,4,233,163100
1,1,103,20600
1,1,133,13300
1,1,163,32600
1,3,290,145000
1,3,234,105300
1,2,185,64750
1,4,145,101500
1,4,345,241500
1,4,348,243600
1,1,352,52800
1,2,259,64750
1,2,171,59850
1,1,221,55250
1,1,127,12700
1,4,238,166600
1,3,147,66150
1,4,130,91000
1,1,142,14200
1,1,392,98000
1,4,119,83300
1,2,209,62700
1,2,114,34200
1,4,293,205100
1,4,272,190400
1,1,279,27900
1,2,229,80150
1,1,187,37400
1,3,162,97200
1,4,281,196700
1,1,392,58800
1,2,162,72900
1,2,358,161100
1,4,242,169400
1,1,291,72750
1,3,110,66000
1,3,300,165000
1,1,303,60600
1,3,203,111650
1,1,367,55050
1,2,376,112800
1,4,242,169400
1,2,221,77350
1,1,343,68600
1,1,266,26600
1,4,388,271600
1,3,255,140250
1,4,269,188300
1,3,254,127000
1,1,365,91250
1,1,260,39000
1,1,311,62200
1,4,195,136500
1,1,332,66400
1,3,220,121000
1,4,122,85400
1,4,351,245700
1,2,315,141750
1,4,148,103600
1,3,371,204050
1,4,160,112000
1,4,291,203700
1,3,246,147600
1,4,118,82600
1,1,279,69750
1,2,230,80500
1,3,303,151500
1,1,304,76000
1,3,318,174900
1,3,171,94050
1,2,199,49750
1,1,186,27900
1,3,399,179550
1,2,287,86100
1,1,188,28200
1,1,135,13500
1,1,175,26250
1,3,390,234000
1,3,311,171050
1,2,383,95750
1,2,187,65450
1,4,196,137200
1,3,220,132000
1,1,314,47100
1,3,288,158400
1,3,150,67500
1,4,108,75600
1,3,236,106200
1,2,106,26500
1,1,249,49800
1,2,324,129600
1,3,157,86350
1,4,384,268800
1,1,234,35100
1,4,278,194600
1,1,167,41750
1,2,138,48300
1,4,316,221200
1,1,361,36100
1,4,332,232400
1,3,116,69600
1,4,116,81200
1,2,274,82200
1,2,121,42350
1,4,348,243600
1,4,358,250600
1,3,341,204600
1,4,321,224700
1,2,247,74100
1,1,258,51600
1,4,335,234500
1,3,358,214800
1,2,279,97650
1,1,372,55800
1,4,270,189000
1,4,192,134400
1,4,385,269500
1,3,262,117900
1,2,180,63000
1,3,246,123000
1,2,395,118500
1,1,131,13100
1,4,322,225400
1,4,359,251300
1,3,340,153000
1,4,372,260400
1,4,264,184800
1,3,339,152550
1,3,279,125550
1,1,222,33300
1,2,142,49700
1,3,131,58950
1,1,294,73500
1,4,369,258300
1,2,158,55300
1,4,351,245700
1,2,121,48400
1,3,204,91800
1,4,181,126700
1,1,338,84500
1,1,282,56400
1,1,263,52600
1,1,318,31800
1,3,239,143400
1,1,373,55950
1,3,191,105050
1,3,174,78300
1,4,366,256200
1,3,212,116600
1,1,273,27300
1,3,220,99000
1,2,256,89600
1,3,233,139800
1,2,139,55600
1,4,221,154700
1,4,310,217000
1,1,216,43200
1,2,375,131250
1,3,256,128000
1,4,326,228200
1,1,248,24800
1,1,131,32750
1,2,354,106200
1,2,234,58500
1,4,335,234500
1,1,163,32600
1,4,274,191800
1,4,178,124600
1,2,266,93100
1,1,122,18300
1,2,252,63000
1,2,363,163350
1,2,290,130500
1,2,255,89250
1,1,212,31800
1,1,235,23500
1,3,169,84500
1,2,206,61800
1,2,149,52150
1,1,146,29200
1,2,381,95250
1,4,125,87500
1,1,238,47600
1,1,163,40750
1,4,356,249200
1,4,149,104300
1,1,317,31700
1,1,289,28900
1,2,275,82500
1,4,142,99400
1,1,116,11600
1,1,361,72200
1,3,373,186500
1,1,171,17100
1,4,172,120400
1,2,190,76000
1,1,343,51450
1,3,318,159000
1,4,126,88200
1,4,133,93100
1,3,207,103500
1,3,109,65400
1,1,286,42900
1,3,335,184250
1,4,164,114800
1,4,318,222600
1,1,265,26500
1,4,101,70700
1,2,353,105900
1,3,301,180600
1,4,144,100800
1,1,281,70250
1,3,103,61800
1,3,315,189000
1,2,103,46350
1,4,350,245000
1,4,122,85400
1,3,392,196000
1,3,225,135000
1,3,185,92500
1,4,283,198100
1,4,358,250600
1,1,213,21300
1,3,368,220800
1,2,297,118800
1,2,102,45900
1,2,182,63700
1,2,292,131400
1,4,298,208600
1,2,154,38500
1,3,355,159750
1,3,104,46800
1,1,119,23800
1,2,388,135800
1,1,229,34350
1,1,280,28000
1,3,179,89500
1,2,285,71250
1,2,352,158400
1,4,220,154000
1,1,196,19600
1,2,140,49000
1,1,193,38600
1,4,327,228900
1,4,376,263200
1,2,215,75250
1,3,236,141600
1,3,226,113000
1,4,249,174300
1,4,392,274400
1,3,186,83700
1,3,292,146000
1,4,295,206500
1,4,311,217700
1,4,272,190400
1,4,307,214900
1,2,173,60550
1,1,376,56400
1,3,148,66600
1,3,190,85500
1,4,367,256900
1,1,229,45800
1,2,241,96400
1,3,262,144100
1,4,267,186900
1,4,131,91700
1,1,338,67600
1,3,379,170550
1,2,174,78300
1,3,306,183600
1,2,333,133200
1,2,122,48800
1,4,110,77000
1,4,397,277900
1,3,164,90200
1,3,188,112800
1,2,255,102000
1,4,381,266700
1,3,168,75600
1,1,274,54800
1,3,225,101250
1,1,335,33500
1,4,395,276500
1,2,308,92400
1,2,313,125200
1,2,230,103500
1,2,300,135000
1,2,197,68950
1,3,251,138050
1,3,140,70000
1,4,199,139300
1,3,374,168300
1,3,252,113400
1,3,391,195500
1,4,137,95900
1,2,374,149600
1,3,279,125550
1,2,214,53500
1,1,278,55600
1,1,146,14600
1,3,325,146250
1,3,102,56100
1,4,312,218400
1,2,326,130400
1,4,235,164500
1,3,356,213600
1,2,253,63250
1,4,258,180600
1,3,174,87000
1,2,260,65000
1,3,153,76500
1,1,257,64250
1,1,290,58000
1,1,248,37200
1,1,238,23800
1,4,333,233100
1,4,348,243600
1,4,194,135800
1,2,299,89700
1,1,149,37250
1,2,269,67250
1,3,148,81400
1,3,388,232800
1,4,301,210700
1,4,109,76300
1,3,118,59000
1,4,328,229600
1,4,256,179200
1,3,352,193600
1,2,341,153450
1,1,125,31250
1,3,263,118350
1,3,300,165000
1,1,266,53200
1,1,186,46500
1,3,116,58000
1,1,108,27000
1,1,187,28050
1,2,231,57750
1,1,253,63250
1,1,245,49000
1,1,289,28900
1,1,132,19800
1,2,305,106750
1,2,256,115200
1,4,166,116200
1,2,357,160650
1,3,169,101400
1,1,235,58750
1,2,255,114750
1,4,200,140000
1,1,216,54000
1,3,377,226200
1,2,335,117250
1,4,344,240800
1,1,183,18300
1,1,118,23600
1,2,313,109550
1,1,343,68600
1,3,138,62100
1,1,185,46250
1,2,318,143100
1,3,129,77400
1,3,337,202200
1,1,395,39500
1,3,165,82500
1,2,357,142800
1,1,276,41400
1,3,316,189600
1,3,312,156000
1,2,167,66800
1,1,236,59000
1,1,352,70400
1,4,171,119700
1,1,163,16300
1,4,159,111300
1,1,245,24500
1,2,104,31200
1,1,119,11900
1,4,221,154700
1,4,198,138600
1,4,223,156100
1,2,225,67500
1,2,249,99600
1,4,334,233800
1,1,357,53550
1,3,365,164250
1,1,211,31650
1,3,161,72450
1,1,194,29100
1,3,140,70000
1,4,131,91700
1,4,119,83300
1,2,100,40000
1,1,106,15900
1,3,208,114400
1,4,391,273700
1,1,331,49650
1,2,270,94500
1,1,154,38500
1,1,276,41400
1,4,326,228200
1,2,225,56250
1,2,326,97800
1,4,182,127400
1,2,360,126000
1,2,312,124800
1,2,105,36750
1,2,258,90300
1,2,281,98350
1,3,380,190000
1,2,171,42750
1,3,321,160500
1,2,191,85950
1,1,356,53400
1,3,324,178200
1,3,171,94050
1,4,389,272300
1,3,306,153000
1,2,147,36750
1,4,229,160300
1,2,114,45600
1,3,150,90000
1,2,181,63350
1,3,247,135850
1,2,232,92800
1,3,355,159750
1,2,398,99500
1,2,338,135200
1,2,227,102150
1,4,201,140700
1,1,313,31300
1,3,338,152100
1,3,386,193000
1,3,113,50850
1,4,324,226800
1,4,306,214200
1,4,335,234500
1,2,313,140850
1,3,144,86400
1,1,231,34650
1,1,151,22650
1,1,353,52950
1,2,220,55000
1,1,342,34200
1,4,152,106400
1,3,331,182050
1,4,312,218400
1,4,107,74900
1,1,134,33500
1,2,381,133350
1,1,288,43200
1,1,378,56700
1,4,191,133700
1,3,131,72050
1,4,313,219100
1,1,312,31200
1,2,318,95400
1,3,374,224400
1,1,184,46000
1,2,343,137200
1,4,198,138600
1,3,325,195000
1,3,130,78000
1,3,220,121000
1,1,310,62000
1,3,215,118250
1,4,190,133000
1,1,386,96500
1,4,253,177100
1,3,241,108450
1,3,350,192500
1,2,216,75600
1,1,361,90250
1,1,188,37600
1,4,133,93100
1,3,199,119400
1,3,388,213400
1,2,257,77100
1,2,375,131250
1,2,361,162450
1,2,233,104850
1,4,259,181300
1,3,158,79000
1,1,352,52800
1,2,393,157200
1,3,187,112200
1,1,245,61250
1,4,154,107800
1,4,232,162400
1,1,337,33700
1,2,229,57250
1,4,254,177800
1,2,344,86000
1,4,333,233100
1,3,364,182000
1,4,244,170800
1,2,202,50500
1,2,345,86250
1,3,244,146400
1,3,312,171600
1,1,296,44400
1,3,364,182000
1,3,212,95400
1,1,224,44800
1,3,248,124000
1,3,125,62500
1,1,235,58750
1,3,111,61050
1,3,107,48150
1,3,196,117600
1,4,182,127400
1,1,264,39600
1,3,265,145750
1,1,343,34300
1,2,332,99600
1,3,312,156000
1,4,264,184800
1,3,329,197400
1,2,290,101500
1,1,261,52200
1,4,333,233100
1,1,316,63200
1,3,130,71500
1,2,194,67900
1,2,306,107100
1,2,201,60300
1,3,243,109350
1,4,295,206500
1,1,332,49800
1,1,198,19800
1,2,165,49500
1,1,397,59550
1,3,392,215600
1,3,179,89500
1,2,361,126350
1,4,212,148400
1,1,377,37700
1,1,257,64250
1,3,273,136500
1,3,193,96500
1,3,324,194400
1,4,375,262500
1,4,128,89600
1,2,391,136850
1,3,209,125400
1,3,297,178200
1,4,255,178500
1,3,314,141300
1,4,131,91700
1,4,224,156800
1,2,260,91000
1,4,305,213500
1,2,105,47250
1,3,233,116500
1,2,120,48000
1,4,319,223300
1,2,203,60900
1,4,252,176400
1,3,132,66000
1,2,124,43400
1,2,264,79200
1,1,369,92250
1,3,313,156500
1,4,190,133000
1,1,360,54000
1,4,160,112000
1,1,380,57000
1,3,267,120150
1,2,302,75500
1,2,396,99000
1,3,362,162900
1,2,169,59150
1,2,255,102000
1,2,399,99750
1,4,156,109200
1,1,361,90250
1,3,181,108600
1,1,359,71800
1,3,228,114000
1,2,170,51000
1,3,199,89550
1,4,338,236600
1,2,182,63700
1,4,248,173600
1,3,102,51000
1,3,254,139700
1,1,199,29850
1,1,205,20500
1,1,263,65750
1,4,295,206500
1,3,371,204050
1,1,230,57500
1,1,322,80500
1,3,298,163900
1,1,112,11200
1,2,300,90000
1,1,135,33750
1,3,142,78100
1,2,270,108000
1,1,143,35750
1,2,109,38150
1,1,290,29000
1,2,325,113750
1,4,362,253400
1,4,129,90300
1,3,391,234600
1,1,116,23200
1,4,115,80500
1,2,224,89600
1,2,264,92400
1,3,110,49500
1,1,160,32000
1,4,283,198100
1,3,181,108600
1,1,279,55800
1,3,306,137700
1,4,140,98000
1,3,189,85050
1,2,270,81000
1,4,294,205800
1,1,120,18000
1,3,351,175500
1,1,349,87250
1,3,379,208450
1,4,208,145600
1,4,361,252700
1,4,320,224000
1,3,266,159600
1,1,193,48250
1,4,252,176400
1,4,180,126000
1,3,260,156000
1,4,309,216300
1,3,107,53500
1,1,179,35800
1,1,142,35500
1,3,161,72450
1,3,272,136000
1,3,293,146500
1,1,154,23100
1,3,181,99550
1,2,353,123550
1,2,271,121950
1,1,279,41850
1,1,384,96000
1,2,250,62500
1,3,366,201300
1,3,144,64800
1,2,138,34500
1,1,171,25650
1,2,249,112050
1,3,154,69300
1,2,302,120800
1,2,309,108150
1,2,380,114000
1,2,119,41650
1,4,291,203700
1,1,293,29300
1,2,244,109800
1,1,303,45450
1,4,113,79100
1,2,216,75600
1,3,105,57750
1,1,246,49200
1,2,327,98100
1,3,353,158850
1,4,365,255500
1,3,308,169400
1,1,244,24400
1,4,338,236600
1,3,287,157850
1,2,262,65500
1,4,180,126000
1,4,273,191100
1,3,345,189750
1,4,209,146300
1,4,205,143500
1,1,375,75000
1,1,288,72000
1,3,344,206400
1,3,192,96000
1,3,144,79200
1,4,158,110600
1,4,310,217000
1,3,386,212300
1,2,274,95900
1,1,127,25400
1,2,393,117900
1,2,242,108900
1,1,181,27150
1,3,345,172500
1,4,389,272300
1,1,269,40350
1,2,158,47400
1,2,166,41500
1,2,275,96250
1,1,333,83250
1,2,397,178650
1,1,265,26500
1,4,236,165200
1,2,111,49950
1,1,146,29200
1,2,351,157950
1,4,158,110600
1,2,141,56400
1,2,291,72750
1,4,211,147700
1,1,280,56000
1,2,354,88500
1,1,350,87500
1,4,307,214900
1,1,247,24700
1,4,326,228200
1,4,345,241500
1,3,244,134200
1,2,115,46000
1,2,214,53500
1,2,157,39250
1,3,259,142450
1,3,354,177000
1,4,262,183400
1,1,193,48250
1,2,393,157200
1,1,366,73200
1,4,199,139300
1,4,104,72800
1,1,318,47700
1,2,390,97500
1,3,362,181000
1,2,312,93600
1,1,102,10200
1,1,372,55800
1,2,126,44100
1,3,126,75600
1,1,308,61600
1,4,237,165900
1,1,386,38600
1,2,337,84250
1,3,319,191400
1,2,139,48650
1,4,302,211400
1,2,215,86000
1,1,341,34100
1,1,171,34200
1,3,150,82500
1,2,138,62100
1,2,286,71500
1,1,298,74500
1,4,266,186200
1,2,308,92400
1,3,395,217250
1,2,336,134400
1,3,391,175950
1,4,338,236600
1,1,206,20600
1,2,157,54950
1,4,314,219800
1,3,189,103950
1,3,255,114750
1,2,262,117900
1,4,102,71400
1,2,288,100800
1,2,178,44500
1,1,323,48450
1,4,107,74900
1,3,229,103050
1,2,135,40500
1,4,335,234500
1,2,262,78600
1,1,213,42600
1,1,118,17700
1,1,185,37000
1,4,392,274400
1,3,174,95700
1,1,256,25600
1,2,298,119200
1,4,383,268100
1,4,161,112700
1,1,309,61800
1,4,315,220500
1,3,245,134750
1,3,291,130950
1,2,348,121800
1,3,361,180500
1,1,131,32750
1,2,385,154000
1,1,375,75000
1,4,347,242900
1,1,164,32800
1,1,330,33000
1,1,293,43950
1,2,359,107700
1,4,313,219100
1,2,380,133000
1,3,179,107400
1,2,253,113850
1,3,230,103500
1,4,276,193200
1,1,239,47800
1,4,162,113400
1,2,331,82750
1,4,243,170100
1,2,135,33750
1,4,194,135800
1,3,322,177100
1,4,303,212100
1,3,372,167400
1,2,386,135100
1,4,302,211400
1,3,275,151250
1,4,160,112000
1,3,293,175800
1,1,274,68500
1,2,217,75950
1,4,250,175000
1,4,231,161700
1,4,313,219100
1,3,336,184800
1,2,218,65400
1,3,145,79750
1,3,205,92250
1,1,211,21100
1,2,176,61600
1,3,359,179500
1,2,312,124800
1,2,170,59500
1,2,328,131200
1,2,366,164700
1,3,278,125100
1,1,308,46200
1,2,107,48150
1,4,235,164500
1,4,122,85400
1,2,379,170550
1,3,258,154800
1,4,367,256900
1,3,282,155100
1,2,104,36400
1,4,163,114100
1,2,385,134750
1,3,275,151250
1,3,148,88800
1,2,331,82750
1,2,140,42000
1,2,252,88200
1,2,114,39900
1,4,385,269500
1,2,163,40750
1,1,243,36450
1,1,190,47500
1,1,309,77250
1,2,365,127750
1,3,157,70650
1,2,300,135000
1,3,309,139050
1,2,379,132650
1,4,181,126700
1,4,264,184800
1,3,289,144500
1,4,152,106400
1,2,101,25250
1,2,225,101250
1,4,160,112000
1,3,131,58950
1,4,304,212800
1,3,212,106000
1,1,110,16500
1,4,152,106400
1,2,330,82500
1,3,334,200400
1,1,142,35500
1,2,137,34250
1,4,104,72800
1,1,169,25350
1,3,312,140400
1,3,312,171600
1,4,387,270900
1,1,275,55000
1,4,267,186900
1,4,375,262500
1,1,310,31000
1,3,371,185500
1,1,256,38400
1,2,335,150750
1,4,282,197400
1,2,360,90000
1,2,390,117000
1,2,391,97750
1,1,188,47000
1,1,216,43200
1,2,384,153600
1,3,254,127000
1,3,383,210650
1,2,317,110950
1,1,256,38400
1,2,154,61600
1,1,300,30000
1,2,295,73750
1,1,156,39000
1,1,273,27300
1,2,331,99300
1,2,218,87200
1,3,107,53500
1,4,328,229600
1,3,105,47250
1,4,221,154700
1,3,382,191000
1,1,294,58800
1,4,354,247800
1,2,154,38500
1,1,308,30800
1,4,123,86100
1,1,287,28700
1,3,200,110000
1,4,107,74900
1,1,329,65800
1,2,345,120750
1,1,334,50100
1,3,380,190000
1,1,319,31900
1,4,258,180600
1,4,273,191100
1,4,301,210700
1,3,210,115500
1,4,383,268100
1,2,248,99200
1,4,275,192500
1,2,300,105000
1,4,207,144900
1,4,239,167300
1,2,370,92500
1,2,350,157500
1,2,198,49500
1,1,131,32750
1,3,208,104000
1,2,124,37200
1,3,348,156600
1,3,267,133500
1,1,141,21150
1,1,118,17700
1,2,188,47000
1,1,317,63400
1,2,289,72250
1,3,200,100000
1,4,346,242200
1,3,122,67100
1,3,396,217800
1,3,312,156000
1,1,276,27600
1,1,184,18400
1,1,320,32000
1,3,315,173250
1,1,104,20800
1,4,324,226800
1,1,336,33600
1,1,328,82000
1,4,158,110600
1,1,301,30100
1,2,102,45900
1,2,227,56750
1,1,223,33450
1,2,329,115150
1,4,199,139300
1,1,112,11200
1,4,299,209300
1,2,108,48600
1,1,226,22600
1,1,296,29600
1,1,143,28600
1,1,292,73000
1,2,146,51100
1,4,351,245700
1,4,371,259700
1,3,187,93500
1,4,381,266700
1,3,261,117450
1,4,177,123900
1,2,200,70000
1,4,102,71400
1,2,108,27000
1,4,112,78400
1,4,138,96600
1,4,301,210700
1,4,358,250600
1,3,291,160050
1,2,235,82250
1,2,359,161550
1,2,280,98000
1,2,255,63750
1,2,204,61200
1,1,272,40800
1,3,310,155000
1,4,228,159600
1,1,258,51600
1,4,280,196000
1,1,369,55350
1,1,194,29100
1,2,383,95750
1,4,354,247800
1,1,224,56000
1,2,271,67750
1,4,254,177800
1,2,355,159750
1,2,323,113050
1,3,148,66600
1,3,353,176500
1,3,315,189000
1,1,372,37200
1,4,305,213500
1,2,273,95550
1,3,248,124000
1,4,315,220500
1,3,314,188400
1,1,287,71750
1,4,132,92400
1,1,148,22200
1,4,107,74900
1,2,146,51100
1,4,252,176400
1,3,251,112950
1,3,377,188500
1,1,277,27700
1,1,182,27300
1,1,289,28900
1,1,273,27300
1,4,341,238700
1,1,178,17800
1,1,317,47550
1,3,131,78600
1,1,374,56100
1,1,325,81250
1,3,218,119900
1,1,316,79000
1,1,135,33750
1,1,303,30300
1,2,374,130900
1,1,153,15300
1,3,247,123500
1,3,105,63000
1,2,218,76300
1,2,109,43600
1,2,234,70200
1,4,141,98700
1,4,213,149100
1,3,388,174600
1,3,238,107100
1,2,329,148050
1,4,248,173600
1,4,291,203700
1,3,222,133200
1,4,101,70700
1,2,221,88400
1,2,106,26500
1,3,223,111500
1,2,358,161100
1,4,266,186200
1,2,279,97650
1,3,170,76500
1,3,257,115650
1,1,363,54450
1,3,352,193600
1,1,384,76800
1,1,354,88500
1,3,162,72900
1,4,365,255500
1,4,102,71400
1,3,330,198000
1,1,188,47000
1,4,367,256900
1,2,337,84250
1,4,317,221900
1,1,203,20300
1,2,311,124400
1,1,177,17700
1,2,338,118300
1,2,253,101200
1,1,226,56500
1,4,355,248500
1,4,239,167300
1,2,192,86400
1,2,223,100350
1,2,347,104100
1,2,292,102200
1,3,294,176400
1,2,292,73000
1,3,332,149400
1,1,173,34600
1,3,303,181800
1,4,251,175700
1,1,390,39000
1,3,264,118800
1,1,259,38850
1,4,314,219800
1,3,208,104000
1,2,282,70500
1,2,197,68950
1,3,360,216000
1,2,201,80400
1,4,274,191800
1,3,183,100650
1,3,277,124650
1,1,169,25350
1,2,278,69500
1,2,236,82600
1,3,226,135600
1,1,157,31400
1,4,149,104300
1,3,213,127800
1,4,397,277900
1,2,173,69200
1,4,173,121100
1,3,286,128700
1,3,178,80100
1,2,152,60800
1,1,357,53550
1,4,373,261100
1,4,204,142800
1,4,136,95200
1,2,101,30300
1,4,324,226800
1,4,311,217700
1,3,209,104500
1,1,292,43800
1,1,137,13700
1,2,363,90750
1,1,139,20850
1,4,272,190400
1,4,208,145600
1,3,201,100500
1,3,234,117000
1,4,389,272300
1,2,190,57000
1,2,352,88000
1,4,267,186900
1,2,171,68400
1,2,314,109900
1,3,143,78650
1,3,115,51750
1,1,336,84000
1,3,219,120450
1,2,372,93000
1,4,312,218400
1,2,313,78250
1,3,346,173000
1,2,146,58400
1,1,304,30400
1,3,302,135900
1,4,328,229600
1,3,143,78650
1,4,104,72800
1,4,138,96600
1,3,382,210100
1,2,209,94050
1,2,170,59500
1,3,242,121000
1,4,121,84700
1,4,167,116900
1,1,183,27450
1,1,317,63400
1,4,137,95900
1,1,303,60600
1,1,246,24600
1,4,175,122500
1,3,282,169200
1,3,116,58000
1,4,147,102900
1,2,318,95400
1,3,377,169650
1,1,260,26000
1,4,115,80500
1,2,115,40250
1,4,141,98700
1,3,303,151500
1,3,326,195600
1,1,393,39300
1,2,157,62800
1,2,337,101100
1,1,375,56250
1,3,162,81000
1,2,119,35700
1,3,136,61200
1,4,285,199500
1,4,382,267400
1,3,317,142650
1,1,365,54750
1,2,355,159750
1,3,113,50850
1,3,163,89650
1,4,172,120400
1,3,258,129000
1,1,330,33000
1,3,206,103000
1,2,186,65100
1,4,358,250600
1,2,305,106750
1,1,176,44000
1,2,325,97500
1,3,392,215600
1,1,304,30400
1,3,132,59400
1,3,372,204600
1,2,233,81550
1,3,228,114000
1,3,138,62100
1,2,152,38000
1,3,115,69000
1,2,233,81550
1,3,178,80100
1,2,109,38150
1,1,100,10000
1,2,203,91350
1,1,141,14100
1,4,105,73500
1,2,357,124950
1,3,277,138500
1,3,354,177000
1,1,359,53850
1,4,216,151200
1,1,328,49200
1,1,312,62400
1,3,399,239400
1,2,183,64050
1,3,208,114400
1,3,332,149400
1,2,350,87500
1,1,229,22900
1,2,245,110250
1,3,208,104000
1,2,266,93100
1,1,234,35100
1,4,269,188300
1,2,227,68100
1,2,364,127400
1,2,167,58450
1,3,124,62000
1,2,356,142400
1,2,216,86400
1,3,158,79000
1,3,387,193500
1,1,146,21900
1,3,251,125500
1,4,321,224700
1,2,331,82750
1,4,312,218400
1,2,255,89250
1,3,398,179100
1,1,241,36150
1,2,145,36250
1,4,112,78400
1,2,302,135900
1,4,399,279300
1,2,242,96800
1,4,313,219100
1,3,299,164450
1,2,231,103950
1,2,383,153200
1,1,153,38250
1,3,300,180000
1,1,366,54900
1,1,230,23000
1,2,169,59150
1,1,204,40800
1,4,294,205800
1,4,255,178500
1,2,247,86450
1,3,196,107800
1,3,329,164500
1,1,348,52200
1,3,365,182500
1,4,372,260400
1,3,226,135600
1,1,391,58650
1,1,128,19200
1,1,303,75750
1,4,225,157500
1,2,138,41400
1,2,181,63350
1,2,279,97650
1,2,107,26750
1,4,144,100800
1,2,257,102800
1,2,376,94000
1,3,142,78100
1,2,287,114800
1,2,393,117900
1,3,277,138500
1,4,398,278600
1,3,389,233400
1,4,303,212100
1,4,118,82600
1,2,232,81200
1,3,227,124850
1,4,290,203000
1,4,180,126000
1,2,265,79500
1,4,188,131600
1,1,251,62750
1,4,112,78400
1,2,176,79200
1,2,224,89600
1,3,173,77850
1,3,253,113850
1,1,247,49400
1,1,384,96000
1,4,288,201600
1,3,183,82350
1,2,311,93300
1,3,202,90900
1,4,343,240100
1,1,299,74750
1,4,175,122500
1,4,235,164500
1,4,219,153300
1,2,182,45500
1,1,284,56800
1,3,191,105050
1,1,318,47700
1,2,209,83600
1,4,389,272300
1,2,355,142000
1,3,151,90600
1,2,214,96300
1,1,316,47400
1,3,124,62000
1,4,237,165900
1,4,301,210700
1,2,258,90300
1,1,398,99500
1,4,163,114100
1,2,381,114300
1,4,346,242200
1,1,220,22000
1,2,155,62000
1,2,213,74550
1,4,208,145600
1,1,264,26400
1,1,295,59000
1,1,200,40000
1,4,111,77700
1,4,358,250600
1,2,322,112700
1,3,208,114400
1,2,299,104650
1,4,380,266000
1,1,145,36250
1,1,213,31950
1,2,323,145350
1,2,389,175050
1,2,350,140000
1,4,161,112700
1,1,292,58400
1,3,336,201600
1,2,291,72750
1,1,261,65250
1,1,374,93500
1,3,274,137000
1,3,111,49950
1,2,219,65700
1,3,253,151800
1,3,264,118800
1,2,162,48600
1,1,245,36750
1,4,289,202300
1,4,245,171500
1,1,257,38550
1,1,309,46350
1,3,221,110500
1,4,375,262500
1,1,354,70800
1,1,274,54800
1,1,251,62750
1,4,117,81900
1,3,263,157800
1,4,309,216300
1,3,259,155400
1,4,114,79800
1,4,195,136500
1,4,345,241500
1,3,163,81500
1,2,290,72500
1,4,338,236600
1,4,305,213500
1,3,369,166050
1,1,320,80000
1,2,270,94500
1,3,197,108350
1,4,327,228900
1,4,230,161000
1,4,312,218400
1,3,381,228600
1,4,232,162400
1,2,154,38500
1,3,153,68850
1,4,185,129500
1,1,185,27750
1,3,327,147150
1,2,193,48250
1,2,319,79750
1,1,270,54000
1,3,231,115500
1,2,292,73000
1,4,178,124600
1,2,109,38150
1,3,181,90500
1,4,192,134400
1,1,335,67000
1,2,358,143200
1,3,119,65450
1,4,178,124600
1,1,336,33600
1,4,226,158200
1,1,253,25300
1,2,317,79250
1,3,316,158000
1,2,386,135100
1,1,158,39500
1,1,274,68500
1,2,114,51300
1,4,276,193200
1,1,352,52800
1,3,164,98400
1,2,296,74000
1,4,157,109900
1,4,371,259700
1,3,113,67800
1,3,277,152350
1,2,363,127050
1,2,323,145350
1,2,132,39600
1,3,296,148000
1,3,242,108900
1,2,336,117600
1,2,324,113400
1,1,293,73250
1,1,248,62000
1,3,156,70200
1,2,372,130200
1,2,333,99900
1,3,366,219600
1,3,119,65450
1,1,100,15000
1,4,265,185500
1,1,149,22350
1,2,203,60900
1,4,394,275800
1,3,327,196200
1,3,205,112750
1,2,327,81750
1,3,381,209550
1,1,167,16700
1,2,195,87750
1,2,274,95900
1,2,121,36300
1,2,337,117950
1,3,289,173400
1,1,143,14300
1,2,150,37500
1,2,192,67200
1,2,220,88000
1,4,307,214900
1,3,230,103500
1,3,333,199800
1,3,314,172700
1,4,100,70000
1,2,333,133200
1,4,323,226100
1,2,341,119350
1,4,277,193900
1,2,182,63700
1,2,158,63200
1,3,396,217800
1,4,245,171500
1,2,327,147150
1,4,131,91700
1,2,370,148000
1,2,341,119350
1,4,252,176400
1,3,326,163000
1,4,335,234500
1,4,205,143500
1,4,205,143500
1,4,154,107800
1,4,373,261100
1,1,146,14600
1,2,318,127200
1,1,232,23200
1,2,118,53100
1,1,318,63600
1,2,245,73500
1,4,213,149100
1,3,113,56500
1,1,145,36250
1,4,231,161700
1,3,265,132500
1,2,384,134400
1,1,314,47100
1,2,154,69300
1,3,173,95150
1,3,260,143000
1,3,226,101700
1,2,398,119400
1,3,177,79650
1,3,381,209550
1,4,180,126000
1,4,384,268800
1,4,218,152600
1,2,343,102900
1,4,206,144200
1,1,163,32600
1,4,279,195300
1,2,237,106650
1,4,190,133000
1,2,388,97000
1,4,152,106400
1,4,200,140000
1,1,327,81750
1,3,395,217250
1,4,353,247100
1,3,134,73700
1,2,240,84000
1,2,339,135600
1,4,248,173600
1,4,239,167300
1,1,309,61800
1,2,362,144800
1,2,381,114300
1,4,318,222600
1,4,116,81200
1,2,328,82000
1,4,153,107100
1,3,373,167850
1,1,151,37750
1,2,379,113700
1,4,281,196700
1,3,341,187550
1,2,131,58950
1,3,121,60500
1,3,262,117900
1,4,304,212800
1,2,131,39300
1,2,208,72800
1,1,112,11200
1,3,135,81000
1,3,172,77400
1,4,254,177800
1,4,119,83300
1,1,246,61500
1,4,135,94500
1,2,135,40500
1,4,194,135800
1,3,219,98550
1,4,123,86100
1,4,323,226100
1,1,196,49000
1,2,365,127750
1,2,341,85250
1,2,323,129200
1,3,261,156600
1,1,220,44000
1,2,229,103050
1,2,399,139650
1,4,358,250600
1,3,289,173400
1,3,103,56650
1,3,205,112750
1,1,281,70250
1,2,116,40600
1,3,135,60750
1,2,148,51800
1,2,118,53100
1,2,234,105300
1,4,256,179200
1,2,399,139650
1,3,380,228000
1,2,218,65400
1,4,140,98000
1,3,241,108450
1,3,279,139500
1,2,115,40250
1,2,142,35500
1,1,157,31400
1,4,170,119000
1,1,195,39000
1,2,275,68750
1,2,254,63500
1,4,225,157500
1,1,234,23400
1,2,346,103800
1,3,102,56100
1,1,108,16200
1,1,313,31300
1,3,273,150150
1,3,154,69300
1,2,210,73500
1,1,229,34350
1,3,240,120000
1,1,334,50100
1,3,138,69000
1,3,161,80500
1,2,253,88550
1,3,109,65400
1,2,268,107200
1,2,256,89600
1,2,162,48600
1,3,196,98000
1,4,160,112000
1,3,347,173500
1,2,155,62000
1,2,348,156600
1,2,327,114450
1,1,217,21700
1,1,152,15200
1,3,205,123000
1,3,181,90500
1,4,146,102200
1,4,182,127400
1,4,366,256200
1,4,162,113400
1,3,280,154000
1,1,176,26400
1,3,270,162000
1,2,245,73500
1,1,171,25650
1,2,368,165600
1,2,233,58250
1,2,229,80150
1,2,297,103950
1,2,123,36900
1,2,237,71100
1,4,217,151900
1,3,268,134000
1,3,142,63900
1,4,316,221200
1,1,255,63750
1,1,285,28500
1,3,254,114300
1,4,347,242900
1,1,395,79000
1,1,218,32700
1,3,288,172800
1,3,394,197000
1,2,206,72100
1,3,211,105500
1,1,236,35400
1,2,262,91700
1,1,121,24200
1,3,200,100000
1,2,199,49750
1,1,110,27500
1,3,348,174000
1,4,328,229600
1,4,113,79100
1,4,359,251300
1,3,217,97650
1,1,317,31700
1,1,365,73000
1,2,338,118300
1,4,356,249200
1,1,303,45450
1,3,166,91300
1,2,338,84500
1,4,133,93100
1,2,135,40500
1,3,120,66000
1,3,260,130000
1,3,295,177000
1,2,179,62650
1,3,272,149600
1,2,113,39550
1,4,180,126000
1,2,179,62650
1,4,162,113400
1,2,229,91600
1,3,165,99000
1,3,130,65000
1,3,150,82500
1,1,265,66250
1,1,288,28800
1,1,242,48400
1,1,382,38200
1,1,343,34300
1,3,282,169200
1,2,303,106050
1,1,151,15100
1,4,241,168700
1,4,355,248500
1,1,312,31200
1,1,193,38600
1,3,104,46800
1,2,243,72900
1,3,245,134750
1,1,171,25650
1,4,273,191100
1,3,100,55000
1,1,286,71500
1,1,102,20400
1,2,316,126400
1,3,304,167200
1,3,108,64800
1,2,359,107700
1,4,394,275800
1,2,272,68000
1,1,319,63800
1,3,269,147950
1,3,333,199800
1,3,390,175500
1,3,203,111650
1,4,387,270900
1,1,291,43650
1,4,348,243600
1,2,135,47250
1,3,233,128150
1,1,169,16900
1,3,199,89550
1,2,137,54800
1,2,252,113400
1,4,118,82600
1,1,333,49950
1,3,186,102300
1,4,171,119700
1,1,228,57000
1,4,215,150500
1,3,132,79200
1,1,302,45300
1,2,271,108400
1,3,293,131850
1,3,237,118500
1,4,190,133000
1,3,280,126000
1,3,337,202200
1,2,282,70500
1,3,347,156150
1,4,386,270200
1,3,134,67000
1,3,397,198500
1,1,155,31000
1,4,138,96600
1,2,131,32750
1,4,391,273700
1,2,292,102200
1,1,173,17300
1,2,131,32750
1,1,385,96250
1,3,252,126000
1,2,156,39000
1,3,156,70200
1,3,236,106200
1,1,391,58650
1,2,112,39200
1,1,271,54200
1,2,266,66500
1,1,312,62400
1,3,187,93500
1,1,250,25000
1,3,261,130500
1,3,219,131400
1,3,297,133650
1,2,373,130550
1,1,193,38600
1,3,394,197000
1,2,219,65700
1,3,171,94050
1,4,131,91700
1,4,156,109200
1,1,362,36200
1,4,383,268100
1,1,366,73200
1,4,215,150500
1,1,346,86500
1,4,276,193200
1,3,276,138000
1,1,143,35750
1,4,278,194600
1,4,316,221200
1,2,317,142650
1,3,342,153900
1,4,109,76300
1,4,364,254800
1,3,393,235800
1,2,322,128800
1,2,385,96250
1,4,137,95900
1,3,356,195800
1,3,157,78500
1,3,214,107000
1,4,235,164500
1,1,386,96500
1,2,143,57200
1,1,260,26000
1,3,219,109500
1,4,168,117600
1,1,167,41750
1,4,163,114100
1,3,269,134500
1,2,117,46800
1,3,138,62100
1,1,189,37800
1,2,284,127800
1,2,147,51450
1,1,159,31800
1,4,138,96600
1,1,323,64600
1,4,247,172900
1,1,111,22200
1,2,335,134000
1,2,330,115500
1,3,107,48150
1,1,201,40200
1,3,277,138500
1,2,325,130000
1,3,124,68200
1,2,350,140000
1,4,124,86800
1,3,357,160650
1,1,126,18900
1,3,140,77000
1,2,131,45850
1,1,106,10600
1,1,372,37200
1,3,196,98000
1,2,396,178200
1,2,260,117000
1,2,179,44750
1,4,305,213500
1,2,329,148050
1,1,258,51600
1,3,327,147150
1,3,124,62000
1,3,322,144900
1,2,340,102000
1,3,136,74800
1,1,271,54200
1,2,100,40000
1,1,128,12800
1,1,388,38800
1,4,135,94500
1,4,329,230300
1,3,241,120500
1,3,246,123000
1,2,234,81900
1,3,176,96800
1,3,345,155250
1,4,250,175000
1,1,127,12700
1,1,103,20600
1,2,113,33900
1,4,121,84700
1,4,188,131600
1,2,253,101200
1,3,304,152000
1,3,106,53000
1,2,384,153600
1,1,224,33600
1,2,230,80500
1,4,351,245700
1,4,222,155400
1,2,276,96600
1,2,217,54250
1,4,302,211400
1,4,252,176400
1,4,357,249900
1,3,256,140800
1,2,233,93200
1,4,151,105700
1,1,363,72600
1,4,140,98000
1,4,283,198100
1,4,109,76300
1,1,165,16500
1,2,118,53100
1,1,231,46200
1,1,137,34250
1,2,238,107100
1,1,342,34200
1,4,288,201600
1,2,269,121050
1,2,142,49700
1,3,219,109500
1,3,212,106000
1,4,163,114100
1,3,270,148500
1,1,149,22350
1,1,353,52950
1,3,260,156000
1,4,213,149100
1,4,231,161700
1,4,175,122500
1,2,126,50400
1,1,354,35400
1,1,220,44000
1,2,189,66150
1,3,399,179550
1,1,171,42750
1,1,323,48450
1,1,248,24800
1,1,245,61250
1,2,111,38850
1,4,343,240100
1,3,124,55800
1,3,181,81450
1,4,131,91700
1,2,378,151200
1,3,208,104000
1,3,103,46350
1,3,138,82800
1,4,371,259700
1,4,372,260400
1,3,107,64200
1,4,220,154000
1,2,206,82400
1,2,216,75600
1,1,100,10000
1,3,211,105500
1,4,276,193200
1,4,226,158200
1,4,113,79100
1,4,193,135100
1,1,340,51000
1,3,144,86400
1,4,357,249900
1,2,168,42000
1,3,236,106200
1,4,282,197400
1,3,119,53550
1,1,340,34000
1,1,330,33000
1,2,174,43500
1,2,139,55600
1,3,319,159500
1,4,396,277200
1,3,159,71550
1,1,306,30600
1,1,320,32000
1,4,215,150500
1,1,111,11100
1,3,192,86400
1,1,361,72200
1,2,228,79800
1,2,177,70800
1,3,112,61600
1,1,250,37500
1,1,173,17300
1,4,231,161700
1,2,346,103800
1,3,207,124200
1,4,300,210000
1,1,114,11400
1,3,283,141500
1,3,111,66600
1,2,264,92400
1,4,219,153300
1,3,134,60300
1,3,325,146250
1,2,282,98700
1,3,371,166950
1,2,216,54000
1,1,331,33100
1,3,115,69000
1,3,271,162600
1,3,374,224400
1,1,339,84750
1,2,317,95100
1,3,339,203400
1,1,114,28500
1,3,317,190200
1,4,113,79100
1,1,257,64250
1,2,218,76300
1,3,224,123200
1,2,319,111650
1,3,343,171500
1,3,170,76500
1,1,161,16100
1,3,164,82000
1,1,120,18000
1,1,175,17500
1,3,265,159000
1,2,353,123550
1,1,119,23800
1,3,300,180000
1,3,263,118350
1,3,370,222000
1,3,146,87600
1,1,222,44400
1,2,328,114800
1,2,250,87500
1,4,248,173600
1,4,377,263900
1,2,120,48000
1,3,149,67050
1,4,144,100800
1,1,335,50250
1,1,322,80500
1,3,337,185350
1,1,151,15100
1,4,372,260400
1,3,285,171000
1,4,236,165200
1,2,119,41650
1,4,252,176400
1,3,353,194150
1,1,341,85250
1,1,136,13600
1,3,348,191400
1,2,224,78400
1,2,395,177750
1,4,191,133700
1,4,294,205800
1,4,280,196000
1,3,260,156000
1,3,262,144100
1,2,289,86700
1,3,264,145200
1,2,235,82250
1,2,195,48750
1,1,110,16500
1,4,100,70000
1,3,347,190850
1,2,120,48000
1,1,267,53400
1,3,143,71500
1,1,204,20400
1,2,162,56700
1,4,189,132300
1,2,143,50050
1,3,368,220800
1,2,319,111650
1,2,342,102600
1,3,115,51750
1,2,207,93150
1,4,373,261100
1,2,240,84000
1,4,364,254800
1,4,175,122500
1,4,331,231700
1,4,279,195300
1,2,147,51450
1,2,235,94000
1,1,316,79000
1,4,148,103600
1,3,327,163500
1,1,375,56250
1,3,299,179400
1,2,287,114800
1,2,226,79100
1,4,356,249200
1,4,127,88900
1,3,328,147600
1,3,105,57750
1,3,242,145200
1,3,209,104500
1,3,372,186000
1,1,247,24700
1,3,298,149000
1,4,183,128100
1,2,333,149850
1,4,196,137200
1,2,396,138600
1,3,212,127200
1,4,378,264600
1,3,260,156000
1,4,272,190400
1,4,262,183400
1,1,274,68500
1,4,171,119700
1,2,325,81250
1,4,113,79100
1,3,230,126500
1,1,291,58200
1,4,138,96600
1,2,245,98000
1,4,192,134400
1,1,283,42450
1,3,196,98000
1,1,157,31400
1,1,382,76400
1,2,109,43600
1,1,220,22000
1,2,154,53900
1,3,199,89550
1,1,147,29400
1,3,128,64000
1,4,181,126700
1,3,250,125000
1,3,192,96000
1,1,239,35850
1,2,387,135450
1,1,254,50800
1,3,248,124000
1,2,112,33600
1,1,304,60800
1,3,199,119400
1,3,270,121500
1,1,337,84250
1,3,151,75500
1,1,178,17800
1,3,221,99450
1,4,217,151900
1,3,296,133200
1,3,312,140400
1,1,381,38100
1,4,144,100800
1,4,234,163800
1,3,351,193050
1,3,356,178000
1,3,363,181500
1,2,185,74000
1,2,196,49000
1,4,313,219100
1,3,157,86350
1,1,304,76000
1,3,380,171000
1,3,381,209550
1,3,192,96000
1,2,117,35100
1,4,122,85400
1,3,381,209550
1,3,281,154550
1,1,204,30600
1,2,367,146800
1,2,327,81750
1,3,194,106700
1,1,141,35250
1,1,205,30750
1,2,160,48000
1,1,170,17000
1,3,360,216000
1,2,359,161550
1,4,102,71400
1,1,384,96000
1,1,268,26800
1,4,257,179900
1,2,257,115650
1,3,340,170000
1,2,122,54900
1,4,288,201600
1,3,245,110250
1,3,113,67800
1,4,209,146300
1,2,255,102000
1,3,219,120450
1,1,324,64800
1,4,107,74900
1,2,282,84600
1,4,347,242900
1,4,238,166600
1,1,224,44800
1,2,193,77200
1,2,396,138600
1,4,251,175700
1,3,284,127800
1,3,257,128500
1,1,341,68200
1,4,217,151900
1,4,297,207900
1,1,177,44250
1,4,393,275100
1,4,327,228900
1,4,330,231000
1,1,276,41400
1,4,378,264600
1,1,374,93500
1,2,216,75600
1,4,211,147700
1,3,200,100000
1,4,362,253400
1,2,149,52150
1,4,367,256900
1,1,154,15400
1,1,227,45400
1,3,160,72000
1,2,230,57500
1,3,295,162250
1,2,310,139500
1,2,231,103950
1,4,369,258300
1,3,302,181200
1,2,382,133700
1,4,219,153300
1,1,229,34350
1,4,281,196700
1,1,145,21750
1,1,258,64500
1,4,264,184800
1,4,101,70700
1,3,268,160800
1,2,181,81450
1,4,284,198800
1,3,288,129600
1,3,175,87500
1,3,189,113400
1,2,170,59500
1,4,275,192500
1,1,313,62600
1,2,123,43050
1,3,266,133000
1,4,369,258300
1,3,138,82800
1,2,268,120600
1,1,145,29000
1,3,160,72000
1,3,360,216000
1,4,265,185500
1,2,375,131250
1,3,142,78100
1,3,300,165000
1,4,174,121800
1,4,358,250600
1,2,328,114800
1,2,154,46200
1,1,296,29600
1,3,120,54000
1,2,111,27750
1,4,260,182000
1,2,137,41100
1,3,125,75000
1,4,309,216300
1,1,244,61000
1,1,147,36750
1,4,104,72800
1,2,250,100000
1,4,160,112000
1,4,345,241500
1,1,370,74000
1,3,330,148500
1,3,290,159500
1,2,300,90000
1,1,249,62250
1,3,392,235200
1,2,178,62300
1,1,330,33000
1,1,362,54300
1,2,141,42300
1,3,387,212850
1,4,111,77700
1,3,123,61500
1,3,156,70200
1,1,200,40000
1,2,139,34750
1,2,245,73500
1,1,330,66000
1,4,332,232400
1,4,296,207200
1,4,279,195300
1,3,190,104500
1,2,111,49950
1,4,216,151200
1,3,311,155500
1,3,118,70800
1,2,279,83700
1,2,144,64800
1,2,337,134800
1,2,294,117600
1,4,146,102200
1,2,261,104400
1,2,304,121600
1,3,234,140400
1,1,189,37800
1,1,123,24600
1,4,326,228200
1,4,161,112700
1,1,195,29250
1,2,247,111150
1,3,149,89400
1,1,303,45450
1,4,364,254800
1,1,196,19600
1,4,149,104300
1,2,327,114450
1,1,221,22100
1,1,117,11700
1,3,301,135450
1,2,300,135000
1,1,386,96500
1,4,118,82600
1,2,244,61000
1,1,180,27000
1,4,336,235200
1,1,355,88750
1,1,356,71200
1,4,381,266700
1,1,195,39000
1,2,143,50050
1,4,287,200900
1,1,333,33300
1,2,380,114000
1,1,349,52350
1,4,376,263200
1,3,150,90000
1,2,345,155250
1,1,181,18100
1,2,138,55200
1,1,277,27700
1,3,313,156500
1,4,347,242900
1,4,378,264600
1,3,286,143000
1,1,242,60500
1,4,207,144900
1,3,374,224400
1,2,301,105350
1,3,290,130500
1,1,152,38000
1,3,228,102600
1,2,313,125200
1,4,172,120400
1,3,348,174000
1,2,389,155600
1,4,341,238700
1,2,137,34250
1,1,149,37250
1,1,159,15900
1,4,175,122500
1,1,296,29600
1,1,172,17200
1,2,338,152100
1,4,204,142800
1,4,165,115500
1,2,125,43750
1,3,165,82500
1,1,179,44750
1,1,332,66400
1,1,367,73400
1,3,366,164700
1,4,166,116200
1,1,320,64000
1,4,122,85400
1,4,175,122500
1,4,102,71400
1,4,313,219100
1,1,314,47100
1,3,223,133800
1,1,124,12400
1,1,182,45500
1,4,395,276500
1,1,279,27900
1,4,125,87500
1,1,106,21200
1,3,376,206800
1,2,140,63000
1,3,117,64350
1,4,200,140000
1,1,336,33600
1,4,226,158200
1,1,109,27250
1,2,179,62650
1,2,250,87500
1,2,379,94750
1,3,176,96800
1,2,324,113400
1,4,325,227500
1,2,169,50700
1,4,247,172900
1,2,239,83650
1,1,158,31600
1,2,243,60750
1,2,228,79800
1,1,165,24750
1,3,286,128700
1,4,278,194600
1,3,122,67100
1,2,366,91500
1,2,233,81550
1,4,198,138600
1,3,179,107400
1,3,313,156500
1,3,198,108900
1,4,321,224700
1,4,389,272300
1,2,252,113400
1,3,326,179300
1,1,215,43000
1,1,382,57300
1,2,272,81600
1,2,326,114100
1,2,285,99750
1,4,219,153300
1,1,256,51200
1,1,361,54150
1,3,134,80400
1,4,391,273700
1,4,263,184100
1,3,390,234000
1,3,268,134000
1,2,380,171000
1,4,232,162400
1,4,143,100100
1,3,178,80100
1,2,108,37800
1,2,289,130050
1,4,286,200200
1,2,302,90600
1,3,317,190200
1,3,262,144100
1,2,174,78300
1,3,137,61650
1,3,129,58050
1,3,234,105300
1,3,338,185900
1,1,381,76200
1,1,326,65200
1,2,143,64350
1,1,281,70250
1,3,292,146000
1,4,378,264600
1,4,197,137900
1,3,280,168000
1,3,294,132300
1,4,343,240100
1,1,195,29250
1,2,280,112000
1,2,204,51000
1,2,150,37500
1,3,320,192000
1,2,238,83300
1,3,164,73800
1,1,220,44000
1,3,116,52200
1,3,313,140850
1,1,298,29800
1,3,266,146300
1,2,218,76300
1,1,312,31200
1,3,215,118250
1,3,163,73350
1,2,284,99400
1,3,383,191500
1,4,246,172200
1,2,380,152000
1,2,245,98000
1,3,121,54450
1,3,170,93500
1,2,225,56250
1,4,197,137900
1,2,368,128800
1,1,240,24000
1,2,141,35250
1,3,394,236400
1,3,217,130200
1,3,351,193050
1,1,223,44600
1,2,304,106400
1,1,147,14700
1,2,137,47950
1,2,143,50050
1,4,225,157500
1,3,273,150150
1,1,164,32800
1,2,111,38850
1,1,295,59000
1,4,301,210700
1,2,247,111150
1,4,268,187600
1,1,293,73250
1,4,207,144900
1,1,269,40350
1,3,100,45000
1,2,109,32700
1,1,156,23400
1,3,370,166500
1,1,365,36500
1,4,114,79800
1,4,389,272300
1,2,293,102550
1,3,218,130800
1,1,281,28100
1,2,234,81900
1,2,326,114100
1,1,102,25500
1,4,298,208600

